language,kind,path,notes
arabic,data,data/reference_audio/arabic/professional_msa/arabic_reference_long.wav,reference voice/audio for this language
arabic,data,data/reference_audio/arabic/professional_msa/arabic_reference_short.wav,reference voice/audio for this language
arabic,data,data/reference_audio/arabic/professional_msa/arabic_reference_standard.wav,reference voice/audio for this language
arabic,data,data/reference_audio/arabic/professional_msa/arabic_reference_standard_candidate_rejected.wav,reference voice/audio for this language
arabic,data,data/reference_audio/arabic/professional_msa/arabic_reference_standard_rejected.wav,reference voice/audio for this language
arabic,data,data/test_sentences/arabic.json,benchmark text set for this language
arabic,data,data/test_sentences/arabic_voice_clone_tests.json,benchmark text set for this language
arabic,data,data/training/arabic/professional_msa/extraction_summary.json,language-related file
arabic,data,data/training/arabic/professional_msa/metadata_all.csv,language-related file
arabic,data,data/training/arabic/professional_msa/processed/clip_000000.wav,language-related file
arabic,data,data/training/arabic/professional_msa/processed/clip_000001.wav,language-related file
arabic,data,data/training/arabic/professional_msa/processed/clip_000002.wav,language-related file
arabic,data,data/training/arabic/professional_msa/processed/clip_000003.wav,language-related file
arabic,data,data/training/arabic/professional_msa/processed/clip_000004.wav,language-related file
arabic,data,data/training/arabic/professional_msa/processed/clip_000005.wav,language-related file
arabic,data,data/training/arabic/professional_msa/processed/clip_000006.wav,language-related file
arabic,data,data/training/arabic/professional_msa/processed/clip_000007.wav,language-related file
arabic,data,data/training/arabic/professional_msa/processed/clip_000008.wav,language-related file
arabic,data,data/training/arabic/professional_msa/processed/clip_000009.wav,language-related file
arabic,data,data/training/arabic/professional_msa/processed/clip_000010.wav,language-related file
arabic,data,data/training/arabic/professional_msa/processed/clip_000011.wav,language-related file
arabic,data,data/training/arabic/professional_msa/processed/clip_000012.wav,language-related file
arabic,data,data/training/arabic/professional_msa/processed/clip_000013.wav,language-related file
arabic,data,data/training/arabic/professional_msa/processed/clip_000014.wav,language-related file
arabic,data,data/training/arabic/professional_msa/processed/clip_000015.wav,language-related file
arabic,data,data/training/arabic/professional_msa/processed/clip_000016.wav,language-related file
arabic,data,data/training/arabic/professional_msa/processed/clip_000017.wav,language-related file
arabic,data,data/training/arabic/professional_msa/processed/clip_000018.wav,language-related file
arabic,data,data/training/arabic/professional_msa/processed/clip_000019.wav,language-related file
arabic,data,data/training/arabic/professional_msa/processed/clip_000020.wav,language-related file
arabic,data,data/training/arabic/professional_msa/processed/clip_000021.wav,language-related file
arabic,data,data/training/arabic/professional_msa/processed/clip_000022.wav,language-related file
arabic,data,data/training/arabic/professional_msa/processed/clip_000023.wav,language-related file
arabic,data,data/training/arabic/professional_msa/processed/clip_000024.wav,language-related file
arabic,data,data/training/arabic/professional_msa/processed/clip_000025.wav,language-related file
arabic,data,data/training/arabic/professional_msa/processed/clip_000026.wav,language-related file
arabic,data,data/training/arabic/professional_msa/processed/clip_000027.wav,language-related file
arabic,data,data/training/arabic/professional_msa/processed/clip_000028.wav,language-related file
arabic,data,data/training/arabic/professional_msa/processed/clip_000029.wav,language-related file
arabic,data,data/training/arabic/professional_msa/processed/clip_000030.wav,language-related file
arabic,data,data/training/arabic/professional_msa/processed/clip_000031.wav,language-related file
arabic,data,data/training/arabic/professional_msa/processed/clip_000032.wav,language-related file
arabic,data,data/training/arabic/professional_msa/processed/clip_000033.wav,language-related file
arabic,data,data/training/arabic/professional_msa/processed/clip_000034.wav,language-related file
arabic,data,data/training/arabic/professional_msa/processed/clip_000035.wav,language-related file
arabic,data,data/training/arabic/professional_msa/processed/clip_000036.wav,language-related file
arabic,data,data/training/arabic/professional_msa/processed/clip_000037.wav,language-related file
arabic,data,data/training/arabic/professional_msa/processed/clip_000038.wav,language-related file
arabic,data,data/training/arabic/professional_msa/processed/clip_000039.wav,language-related file
arabic,data,data/training/arabic/professional_msa/processed/clip_000040.wav,language-related file
arabic,data,data/training/arabic/professional_msa/processed/clip_000041.wav,language-related file
arabic,data,data/training/arabic/professional_msa/processed/clip_000042.wav,language-related file
arabic,data,data/training/arabic/professional_msa/processed/clip_000043.wav,language-related file
arabic,data,data/training/arabic/professional_msa/processed/clip_000044.wav,language-related file
arabic,data,data/training/arabic/professional_msa/processed/clip_000045.wav,language-related file
arabic,data,data/training/arabic/professional_msa/processed/clip_000046.wav,language-related file
arabic,data,data/training/arabic/professional_msa/processed/clip_000047.wav,language-related file
arabic,data,data/training/arabic/professional_msa/processed/clip_000048.wav,language-related file
arabic,data,data/training/arabic/professional_msa/processed/clip_000049.wav,language-related file
arabic,data,data/training/arabic/professional_msa/processed/clip_000050.wav,language-related file
arabic,data,data/training/arabic/professional_msa/processed/clip_000051.wav,language-related file
arabic,data,data/training/arabic/professional_msa/processed/clip_000052.wav,language-related file
arabic,data,data/training/arabic/professional_msa/processed/clip_000053.wav,language-related file
arabic,data,data/training/arabic/professional_msa/processed/clip_000054.wav,language-related file
arabic,data,data/training/arabic/professional_msa/processed/clip_000055.wav,language-related file
arabic,data,data/training/arabic/professional_msa/processed/clip_000056.wav,language-related file
arabic,data,data/training/arabic/professional_msa/processed/clip_000057.wav,language-related file
arabic,data,data/training/arabic/professional_msa/processed/clip_000058.wav,language-related file
arabic,data,data/training/arabic/professional_msa/processed/clip_000059.wav,language-related file
arabic,data,data/training/arabic/professional_msa/processed/clip_000060.wav,language-related file
arabic,data,data/training/arabic/professional_msa/processed/clip_000061.wav,language-related file
arabic,data,data/training/arabic/professional_msa/processed/clip_000062.wav,language-related file
arabic,data,data/training/arabic/professional_msa/processed/clip_000063.wav,language-related file
arabic,data,data/training/arabic/professional_msa/processed/clip_000064.wav,language-related file
arabic,data,data/training/arabic/professional_msa/processed/clip_000065.wav,language-related file
arabic,data,data/training/arabic/professional_msa/processed/clip_000066.wav,language-related file
arabic,data,data/training/arabic/professional_msa/processed/clip_000067.wav,language-related file
arabic,data,data/training/arabic/professional_msa/processed/clip_000068.wav,language-related file
arabic,data,data/training/arabic/professional_msa/processed/clip_000069.wav,language-related file
arabic,data,data/training/arabic/professional_msa/processed/clip_000070.wav,language-related file
arabic,data,data/training/arabic/professional_msa/processed/clip_000071.wav,language-related file
arabic,data,data/training/arabic/professional_msa/processed/clip_000072.wav,language-related file
arabic,data,data/training/arabic/professional_msa/processed/clip_000073.wav,language-related file
arabic,data,data/training/arabic/professional_msa/processed/clip_000074.wav,language-related file
arabic,data,data/training/arabic/professional_msa/processed/clip_000075.wav,language-related file
arabic,data,data/training/arabic/professional_msa/processed/clip_000076.wav,language-related file
arabic,data,data/training/arabic/professional_msa/processed/clip_000077.wav,language-related file
arabic,data,data/training/arabic/professional_msa/processed/clip_000078.wav,language-related file
arabic,data,data/training/arabic/professional_msa/processed/clip_000079.wav,language-related file
arabic,data,data/training/arabic/professional_msa/processed/clip_000080.wav,language-related file
arabic,data,data/training/arabic/professional_msa/processed/clip_000081.wav,language-related file
arabic,data,data/training/arabic/professional_msa/processed/clip_000082.wav,language-related file
arabic,data,data/training/arabic/professional_msa/processed/clip_000083.wav,language-related file
arabic,data,data/training/arabic/professional_msa/processed/clip_000084.wav,language-related file
arabic,data,data/training/arabic/professional_msa/processed/clip_000085.wav,language-related file
arabic,data,data/training/arabic/professional_msa/processed/clip_000086.wav,language-related file
arabic,data,data/training/arabic/professional_msa/processed/clip_000087.wav,language-related file
arabic,data,data/training/arabic/professional_msa/processed/clip_000088.wav,language-related file
arabic,data,data/training/arabic/professional_msa/processed/clip_000089.wav,language-related file
arabic,data,data/training/arabic/professional_msa/processed/clip_000090.wav,language-related file
arabic,data,data/training/arabic/professional_msa/processed/clip_000091.wav,language-related file
arabic,data,data/training/arabic/professional_msa/processed/clip_000092.wav,language-related file
arabic,data,data/training/arabic/professional_msa/processed/clip_000093.wav,language-related file
arabic,data,data/training/arabic/professional_msa/processed/clip_000094.wav,language-related file
arabic,data,data/training/arabic/professional_msa/processed/clip_000095.wav,language-related file
arabic,data,data/training/arabic/professional_msa/processed/clip_000096.wav,language-related file
arabic,data,data/training/arabic/professional_msa/processed/clip_000097.wav,language-related file
arabic,data,data/training/arabic/professional_msa/processed/clip_000098.wav,language-related file
arabic,data,data/training/arabic/professional_msa/processed/clip_000099.wav,language-related file
arabic,data,data/training/arabic/professional_msa/processed/clip_000100.wav,language-related file
arabic,data,data/training/arabic/professional_msa/processed/clip_000101.wav,language-related file
arabic,data,data/training/arabic/professional_msa/processed/clip_000102.wav,language-related file
arabic,data,data/training/arabic/professional_msa/processed/clip_000103.wav,language-related file
arabic,data,data/training/arabic/professional_msa/processed/clip_000104.wav,language-related file
arabic,data,data/training/arabic/professional_msa/processed/clip_000105.wav,language-related file
arabic,data,data/training/arabic/professional_msa/processed/clip_000106.wav,language-related file
arabic,data,data/training/arabic/professional_msa/processed/clip_000107.wav,language-related file
arabic,data,data/training/arabic/professional_msa/processed/clip_000108.wav,language-related file
arabic,data,data/training/arabic/professional_msa/processed/clip_000109.wav,language-related file
arabic,data,data/training/arabic/professional_msa/processed/clip_000110.wav,language-related file
arabic,data,data/training/arabic/professional_msa/processed/clip_000111.wav,language-related file
arabic,data,data/training/arabic/professional_msa/processed/clip_000112.wav,language-related file
arabic,data,data/training/arabic/professional_msa/processed/clip_000113.wav,language-related file
arabic,data,data/training/arabic/professional_msa/processed/clip_000114.wav,language-related file
arabic,data,data/training/arabic/professional_msa/processed/clip_000115.wav,language-related file
arabic,data,data/training/arabic/professional_msa/processed/clip_000116.wav,language-related file
arabic,data,data/training/arabic/professional_msa/processed/clip_000117.wav,language-related file
arabic,data,data/training/arabic/professional_msa/processed/clip_000118.wav,language-related file
arabic,data,data/training/arabic/professional_msa/processed/clip_000119.wav,language-related file
arabic,data,data/training/arabic/professional_msa/processed/clip_000120.wav,language-related file
arabic,data,data/training/arabic/professional_msa/processed/clip_000121.wav,language-related file
arabic,data,data/training/arabic/professional_msa/processed/clip_000122.wav,language-related file
arabic,data,data/training/arabic/professional_msa/processed/clip_000123.wav,language-related file
arabic,data,data/training/arabic/professional_msa/processed/clip_000124.wav,language-related file
arabic,data,data/training/arabic/professional_msa/processed/clip_000125.wav,language-related file
arabic,data,data/training/arabic/professional_msa/processed/clip_000126.wav,language-related file
arabic,data,data/training/arabic/professional_msa/processed/clip_000127.wav,language-related file
arabic,data,data/training/arabic/professional_msa/processed/clip_000128.wav,language-related file
arabic,data,data/training/arabic/professional_msa/processed/clip_000129.wav,language-related file
arabic,data,data/training/arabic/professional_msa/processed/clip_000130.wav,language-related file
arabic,data,data/training/arabic/professional_msa/processed/clip_000131.wav,language-related file
arabic,data,data/training/arabic/professional_msa/processed/clip_000132.wav,language-related file
arabic,data,data/training/arabic/professional_msa/processed/clip_000133.wav,language-related file
arabic,data,data/training/arabic/professional_msa/processed/clip_000134.wav,language-related file
arabic,data,data/training/arabic/professional_msa/processed/clip_000135.wav,language-related file
arabic,data,data/training/arabic/professional_msa/processed/clip_000136.wav,language-related file
arabic,data,data/training/arabic/professional_msa/processed/clip_000137.wav,language-related file
arabic,data,data/training/arabic/professional_msa/processed/clip_000138.wav,language-related file
arabic,data,data/training/arabic/professional_msa/processed/clip_000139.wav,language-related file
arabic,data,data/training/arabic/professional_msa/processed/clip_000140.wav,language-related file
arabic,data,data/training/arabic/professional_msa/processed/clip_000141.wav,language-related file
arabic,data,data/training/arabic/professional_msa/processed/clip_000142.wav,language-related file
arabic,data,data/training/arabic/professional_msa/processed/clip_000143.wav,language-related file
arabic,data,data/training/arabic/professional_msa/processed/clip_000144.wav,language-related file
arabic,data,data/training/arabic/professional_msa/processed/clip_000145.wav,language-related file
arabic,data,data/training/arabic/professional_msa/processed/clip_000146.wav,language-related file
arabic,data,data/training/arabic/professional_msa/processed/clip_000147.wav,language-related file
arabic,data,data/training/arabic/professional_msa/processed/clip_000148.wav,language-related file
arabic,data,data/training/arabic/professional_msa/processed/clip_000149.wav,language-related file
arabic,data,data/training/arabic/professional_msa/processed/clip_000150.wav,language-related file
arabic,data,data/training/arabic/professional_msa/processed/clip_000151.wav,language-related file
arabic,data,data/training/arabic/professional_msa/processed/clip_000152.wav,language-related file
arabic,data,data/training/arabic/professional_msa/processed/clip_000153.wav,language-related file
arabic,data,data/training/arabic/professional_msa/processed/clip_000154.wav,language-related file
arabic,data,data/training/arabic/professional_msa/processed/clip_000155.wav,language-related file
arabic,data,data/training/arabic/professional_msa/processed/clip_000156.wav,language-related file
arabic,data,data/training/arabic/professional_msa/processed/clip_000157.wav,language-related file
arabic,data,data/training/arabic/professional_msa/processed/clip_000158.wav,language-related file
arabic,data,data/training/arabic/professional_msa/processed/clip_000159.wav,language-related file
arabic,data,data/training/arabic/professional_msa/processed/clip_000160.wav,language-related file
arabic,data,data/training/arabic/professional_msa/processed/clip_000161.wav,language-related file
arabic,data,data/training/arabic/professional_msa/processed/clip_000162.wav,language-related file
arabic,data,data/training/arabic/professional_msa/processed/clip_000163.wav,language-related file
arabic,data,data/training/arabic/professional_msa/processed/clip_000164.wav,language-related file
arabic,data,data/training/arabic/professional_msa/processed/clip_000165.wav,language-related file
arabic,data,data/training/arabic/professional_msa/processed/clip_000166.wav,language-related file
arabic,data,data/training/arabic/professional_msa/processed/clip_000167.wav,language-related file
arabic,data,data/training/arabic/professional_msa/processed/clip_000168.wav,language-related file
arabic,data,data/training/arabic/professional_msa/processed/clip_000169.wav,language-related file
arabic,data,data/training/arabic/professional_msa/processed/clip_000170.wav,language-related file
arabic,data,data/training/arabic/professional_msa/processed/clip_000171.wav,language-related file
arabic,data,data/training/arabic/professional_msa/processed/clip_000172.wav,language-related file
arabic,data,data/training/arabic/professional_msa/processed/clip_000173.wav,language-related file
arabic,data,data/training/arabic/professional_msa/processed/clip_000174.wav,language-related file
arabic,data,data/training/arabic/professional_msa/processed/clip_000175.wav,language-related file
arabic,data,data/training/arabic/professional_msa/processed/clip_000176.wav,language-related file
arabic,data,data/training/arabic/professional_msa/processed/clip_000177.wav,language-related file
arabic,data,data/training/arabic/professional_msa/processed/clip_000178.wav,language-related file
arabic,data,data/training/arabic/professional_msa/processed/clip_000179.wav,language-related file
arabic,data,data/training/arabic/professional_msa/processed/clip_000180.wav,language-related file
arabic,data,data/training/arabic/professional_msa/processed/clip_000181.wav,language-related file
arabic,data,data/training/arabic/professional_msa/processed/clip_000182.wav,language-related file
arabic,data,data/training/arabic/professional_msa/processed/clip_000183.wav,language-related file
arabic,data,data/training/arabic/professional_msa/processed/clip_000184.wav,language-related file
arabic,data,data/training/arabic/professional_msa/processed/clip_000185.wav,language-related file
arabic,data,data/training/arabic/professional_msa/processed/clip_000186.wav,language-related file
arabic,data,data/training/arabic/professional_msa/processed/clip_000187.wav,language-related file
arabic,data,data/training/arabic/professional_msa/processed/clip_000188.wav,language-related file
arabic,data,data/training/arabic/professional_msa/processed/clip_000189.wav,language-related file
arabic,data,data/training/arabic/professional_msa/processed/clip_000190.wav,language-related file
arabic,data,data/training/arabic/professional_msa/processed/clip_000191.wav,language-related file
arabic,data,data/training/arabic/professional_msa/processed/clip_000192.wav,language-related file
arabic,data,data/training/arabic/professional_msa/processed/clip_000193.wav,language-related file
arabic,data,data/training/arabic/professional_msa/processed/clip_000194.wav,language-related file
arabic,data,data/training/arabic/professional_msa/processed/clip_000195.wav,language-related file
arabic,data,data/training/arabic/professional_msa/processed/clip_000196.wav,language-related file
arabic,data,data/training/arabic/professional_msa/processed/clip_000197.wav,language-related file
arabic,data,data/training/arabic/professional_msa/processed/clip_000198.wav,language-related file
arabic,data,data/training/arabic/professional_msa/processed/clip_000199.wav,language-related file
arabic,data,data/training/arabic/professional_msa/processed/clip_000200.wav,language-related file
arabic,data,data/training/arabic/professional_msa/processed/clip_000201.wav,language-related file
arabic,data,data/training/arabic/professional_msa/processed/clip_000202.wav,language-related file
arabic,data,data/training/arabic/professional_msa/processed/clip_000203.wav,language-related file
arabic,data,data/training/arabic/professional_msa/processed/clip_000204.wav,language-related file
arabic,data,data/training/arabic/professional_msa/processed/clip_000205.wav,language-related file
arabic,data,data/training/arabic/professional_msa/processed/clip_000206.wav,language-related file
arabic,data,data/training/arabic/professional_msa/processed/clip_000207.wav,language-related file
arabic,data,data/training/arabic/professional_msa/processed/clip_000208.wav,language-related file
arabic,data,data/training/arabic/professional_msa/processed/clip_000209.wav,language-related file
arabic,data,data/training/arabic/professional_msa/processed/clip_000210.wav,language-related file
arabic,data,data/training/arabic/professional_msa/processed/clip_000211.wav,language-related file
arabic,data,data/training/arabic/professional_msa/processed/clip_000212.wav,language-related file
arabic,data,data/training/arabic/professional_msa/processed/clip_000213.wav,language-related file
arabic,data,data/training/arabic/professional_msa/processed/clip_000214.wav,language-related file
arabic,data,data/training/arabic/professional_msa/processed/clip_000215.wav,language-related file
arabic,data,data/training/arabic/professional_msa/processed/clip_000216.wav,language-related file
arabic,data,data/training/arabic/professional_msa/processed/clip_000217.wav,language-related file
arabic,data,data/training/arabic/professional_msa/processed/clip_000218.wav,language-related file
arabic,data,data/training/arabic/professional_msa/processed/clip_000219.wav,language-related file
arabic,data,data/training/arabic/professional_msa/processed/clip_000220.wav,language-related file
arabic,data,data/training/arabic/professional_msa/processed/clip_000221.wav,language-related file
arabic,data,data/training/arabic/professional_msa/processed/clip_000222.wav,language-related file
arabic,data,data/training/arabic/professional_msa/processed/clip_000223.wav,language-related file
arabic,data,data/training/arabic/professional_msa/processed/clip_000224.wav,language-related file
arabic,data,data/training/arabic/professional_msa/processed/clip_000225.wav,language-related file
arabic,data,data/training/arabic/professional_msa/processed/clip_000226.wav,language-related file
arabic,data,data/training/arabic/professional_msa/processed/clip_000227.wav,language-related file
arabic,data,data/training/arabic/professional_msa/processed/clip_000228.wav,language-related file
arabic,data,data/training/arabic/professional_msa/processed/clip_000229.wav,language-related file
arabic,data,data/training/arabic/professional_msa/processed/clip_000230.wav,language-related file
arabic,data,data/training/arabic/professional_msa/processed/clip_000231.wav,language-related file
arabic,data,data/training/arabic/professional_msa/processed/clip_000232.wav,language-related file
arabic,data,data/training/arabic/professional_msa/processed/clip_000233.wav,language-related file
arabic,data,data/training/arabic/professional_msa/processed/clip_000234.wav,language-related file
arabic,data,data/training/arabic/professional_msa/processed/clip_000235.wav,language-related file
arabic,data,data/training/arabic/professional_msa/processed/clip_000236.wav,language-related file
arabic,data,data/training/arabic/professional_msa/processed/clip_000237.wav,language-related file
arabic,data,data/training/arabic/professional_msa/processed/clip_000238.wav,language-related file
arabic,data,data/training/arabic/professional_msa/processed/clip_000239.wav,language-related file
arabic,data,data/training/arabic/professional_msa/processed/clip_000240.wav,language-related file
arabic,data,data/training/arabic/professional_msa/processed/clip_000241.wav,language-related file
arabic,data,data/training/arabic/professional_msa/processed/clip_000242.wav,language-related file
arabic,data,data/training/arabic/professional_msa/processed/clip_000243.wav,language-related file
arabic,data,data/training/arabic/professional_msa/processed/clip_000244.wav,language-related file
arabic,data,data/training/arabic/professional_msa/processed/clip_000245.wav,language-related file
arabic,data,data/training/arabic/professional_msa/processed/clip_000246.wav,language-related file
arabic,data,data/training/arabic/professional_msa/processed/clip_000247.wav,language-related file
arabic,data,data/training/arabic/professional_msa/processed/clip_000248.wav,language-related file
arabic,data,data/training/arabic/professional_msa/processed/clip_000249.wav,language-related file
arabic,data,data/training/arabic/professional_msa/processed/clip_000250.wav,language-related file
arabic,data,data/training/arabic/professional_msa/processed/clip_000251.wav,language-related file
arabic,data,data/training/arabic/professional_msa/processed/clip_000252.wav,language-related file
arabic,data,data/training/arabic/professional_msa/processed/clip_000253.wav,language-related file
arabic,data,data/training/arabic/professional_msa/processed/clip_000254.wav,language-related file
arabic,data,data/training/arabic/professional_msa/processed/clip_000255.wav,language-related file
arabic,data,data/training/arabic/professional_msa/processed/clip_000256.wav,language-related file
arabic,data,data/training/arabic/professional_msa/processed/clip_000257.wav,language-related file
arabic,data,data/training/arabic/professional_msa/processed/clip_000258.wav,language-related file
arabic,data,data/training/arabic/professional_msa/processed/clip_000259.wav,language-related file
arabic,data,data/training/arabic/professional_msa/processed/clip_000260.wav,language-related file
arabic,data,data/training/arabic/professional_msa/processed/clip_000261.wav,language-related file
arabic,data,data/training/arabic/professional_msa/processed/clip_000262.wav,language-related file
arabic,data,data/training/arabic/professional_msa/processed/clip_000263.wav,language-related file
arabic,data,data/training/arabic/professional_msa/processed/clip_000264.wav,language-related file
arabic,data,data/training/arabic/professional_msa/processed/clip_000265.wav,language-related file
arabic,data,data/training/arabic/professional_msa/processed/clip_000266.wav,language-related file
arabic,data,data/training/arabic/professional_msa/processed/clip_000267.wav,language-related file
arabic,data,data/training/arabic/professional_msa/processed/clip_000268.wav,language-related file
arabic,data,data/training/arabic/professional_msa/processed/clip_000269.wav,language-related file
arabic,data,data/training/arabic/professional_msa/processed/clip_000270.wav,language-related file
arabic,data,data/training/arabic/professional_msa/processed/clip_000271.wav,language-related file
arabic,data,data/training/arabic/professional_msa/processed/clip_000272.wav,language-related file
arabic,data,data/training/arabic/professional_msa/processed/clip_000273.wav,language-related file
arabic,data,data/training/arabic/professional_msa/processed/clip_000274.wav,language-related file
arabic,data,data/training/arabic/professional_msa/processed/clip_000275.wav,language-related file
arabic,data,data/training/arabic/professional_msa/processed/clip_000276.wav,language-related file
arabic,data,data/training/arabic/professional_msa/processed/clip_000277.wav,language-related file
arabic,data,data/training/arabic/professional_msa/processed/clip_000278.wav,language-related file
arabic,data,data/training/arabic/professional_msa/processed/clip_000279.wav,language-related file
arabic,data,data/training/arabic/professional_msa/processed/clip_000280.wav,language-related file
arabic,data,data/training/arabic/professional_msa/processed/clip_000281.wav,language-related file
arabic,data,data/training/arabic/professional_msa/processed/clip_000282.wav,language-related file
arabic,data,data/training/arabic/professional_msa/processed/clip_000283.wav,language-related file
arabic,data,data/training/arabic/professional_msa/processed/clip_000284.wav,language-related file
arabic,data,data/training/arabic/professional_msa/processed/clip_000285.wav,language-related file
arabic,data,data/training/arabic/professional_msa/processed/clip_000286.wav,language-related file
arabic,data,data/training/arabic/professional_msa/processed/clip_000287.wav,language-related file
arabic,data,data/training/arabic/professional_msa/processed/clip_000288.wav,language-related file
arabic,data,data/training/arabic/professional_msa/processed/clip_000289.wav,language-related file
arabic,data,data/training/arabic/professional_msa/processed/clip_000290.wav,language-related file
arabic,data,data/training/arabic/professional_msa/processed/clip_000291.wav,language-related file
arabic,data,data/training/arabic/professional_msa/processed/clip_000292.wav,language-related file
arabic,data,data/training/arabic/professional_msa/processed/clip_000293.wav,language-related file
arabic,data,data/training/arabic/professional_msa/processed/clip_000294.wav,language-related file
arabic,data,data/training/arabic/professional_msa/processed/clip_000295.wav,language-related file
arabic,data,data/training/arabic/professional_msa/processed/clip_000296.wav,language-related file
arabic,data,data/training/arabic/professional_msa/processed/clip_000297.wav,language-related file
arabic,data,data/training/arabic/professional_msa/processed/clip_000298.wav,language-related file
arabic,data,data/training/arabic/professional_msa/processed/clip_000299.wav,language-related file
arabic,data,data/training/arabic/professional_msa/processed/clip_000300.wav,language-related file
arabic,data,data/training/arabic/professional_msa/processed/clip_000301.wav,language-related file
arabic,data,data/training/arabic/professional_msa/processed/clip_000302.wav,language-related file
arabic,data,data/training/arabic/professional_msa/processed/clip_000303.wav,language-related file
arabic,data,data/training/arabic/professional_msa/processed/clip_000304.wav,language-related file
arabic,data,data/training/arabic/professional_msa/processed/clip_000305.wav,language-related file
arabic,data,data/training/arabic/professional_msa/processed/clip_000306.wav,language-related file
arabic,data,data/training/arabic/professional_msa/processed/clip_000307.wav,language-related file
arabic,data,data/training/arabic/professional_msa/processed/clip_000308.wav,language-related file
arabic,data,data/training/arabic/professional_msa/processed/clip_000309.wav,language-related file
arabic,data,data/training/arabic/professional_msa/processed/clip_000310.wav,language-related file
arabic,data,data/training/arabic/professional_msa/processed/clip_000311.wav,language-related file
arabic,data,data/training/arabic/professional_msa/processed/clip_000312.wav,language-related file
arabic,data,data/training/arabic/professional_msa/processed/clip_000313.wav,language-related file
arabic,data,data/training/arabic/professional_msa/processed/clip_000314.wav,language-related file
arabic,data,data/training/arabic/professional_msa/processed/clip_000315.wav,language-related file
arabic,data,data/training/arabic/professional_msa/processed/clip_000316.wav,language-related file
arabic,data,data/training/arabic/professional_msa/processed/clip_000317.wav,language-related file
arabic,data,data/training/arabic/professional_msa/processed/clip_000318.wav,language-related file
arabic,data,data/training/arabic/professional_msa/processed/clip_000319.wav,language-related file
arabic,data,data/training/arabic/professional_msa/processed/clip_000320.wav,language-related file
arabic,data,data/training/arabic/professional_msa/processed/clip_000321.wav,language-related file
arabic,data,data/training/arabic/professional_msa/processed/clip_000322.wav,language-related file
arabic,data,data/training/arabic/professional_msa/processed/clip_000323.wav,language-related file
arabic,data,data/training/arabic/professional_msa/processed/clip_000324.wav,language-related file
arabic,data,data/training/arabic/professional_msa/processed/clip_000325.wav,language-related file
arabic,data,data/training/arabic/professional_msa/processed/clip_000326.wav,language-related file
arabic,data,data/training/arabic/professional_msa/processed/clip_000327.wav,language-related file
arabic,data,data/training/arabic/professional_msa/processed/clip_000328.wav,language-related file
arabic,data,data/training/arabic/professional_msa/processed/clip_000329.wav,language-related file
arabic,data,data/training/arabic/professional_msa/processed/clip_000330.wav,language-related file
arabic,data,data/training/arabic/professional_msa/processed/clip_000331.wav,language-related file
arabic,data,data/training/arabic/professional_msa/processed/clip_000332.wav,language-related file
arabic,data,data/training/arabic/professional_msa/processed/clip_000333.wav,language-related file
arabic,data,data/training/arabic/professional_msa/processed/clip_000334.wav,language-related file
arabic,data,data/training/arabic/professional_msa/processed/clip_000335.wav,language-related file
arabic,data,data/training/arabic/professional_msa/processed/clip_000336.wav,language-related file
arabic,data,data/training/arabic/professional_msa/processed/clip_000337.wav,language-related file
arabic,data,data/training/arabic/professional_msa/processed/clip_000338.wav,language-related file
arabic,data,data/training/arabic/professional_msa/processed/clip_000339.wav,language-related file
arabic,data,data/training/arabic/professional_msa/processed/clip_000340.wav,language-related file
arabic,data,data/training/arabic/professional_msa/processed/clip_000341.wav,language-related file
arabic,data,data/training/arabic/professional_msa/processed/clip_000342.wav,language-related file
arabic,data,data/training/arabic/professional_msa/processed/clip_000343.wav,language-related file
arabic,data,data/training/arabic/professional_msa/processed/clip_000344.wav,language-related file
arabic,data,data/training/arabic/professional_msa/processed/clip_000345.wav,language-related file
arabic,data,data/training/arabic/professional_msa/processed/clip_000346.wav,language-related file
arabic,data,data/training/arabic/professional_msa/processed/clip_000347.wav,language-related file
arabic,data,data/training/arabic/professional_msa/processed/clip_000348.wav,language-related file
arabic,data,data/training/arabic/professional_msa/processed/clip_000349.wav,language-related file
arabic,data,data/training/arabic/professional_msa/processed/clip_000350.wav,language-related file
arabic,data,data/training/arabic/professional_msa/processed/clip_000351.wav,language-related file
arabic,data,data/training/arabic/professional_msa/processed/clip_000352.wav,language-related file
arabic,data,data/training/arabic/professional_msa/processed/clip_000353.wav,language-related file
arabic,data,data/training/arabic/professional_msa/processed/clip_000354.wav,language-related file
arabic,data,data/training/arabic/professional_msa/processed/clip_000355.wav,language-related file
arabic,data,data/training/arabic/professional_msa/processed/clip_000356.wav,language-related file
arabic,data,data/training/arabic/professional_msa/processed/clip_000357.wav,language-related file
arabic,data,data/training/arabic/professional_msa/processed/clip_000358.wav,language-related file
arabic,data,data/training/arabic/professional_msa/processed/clip_000359.wav,language-related file
arabic,data,data/training/arabic/professional_msa/processed/clip_000360.wav,language-related file
arabic,data,data/training/arabic/professional_msa/processed/clip_000361.wav,language-related file
arabic,data,data/training/arabic/professional_msa/processed/clip_000362.wav,language-related file
arabic,data,data/training/arabic/professional_msa/processed/clip_000363.wav,language-related file
arabic,data,data/training/arabic/professional_msa/processed/clip_000364.wav,language-related file
arabic,data,data/training/arabic/professional_msa/processed/clip_000365.wav,language-related file
arabic,data,data/training/arabic/professional_msa/processed/clip_000366.wav,language-related file
arabic,data,data/training/arabic/professional_msa/processed/clip_000367.wav,language-related file
arabic,data,data/training/arabic/professional_msa/processed/clip_000368.wav,language-related file
arabic,data,data/training/arabic/professional_msa/processed/clip_000369.wav,language-related file
arabic,data,data/training/arabic/professional_msa/processed/clip_000370.wav,language-related file
arabic,data,data/training/arabic/professional_msa/processed/clip_000371.wav,language-related file
arabic,data,data/training/arabic/professional_msa/processed/clip_000372.wav,language-related file
arabic,data,data/training/arabic/professional_msa/processed/clip_000373.wav,language-related file
arabic,data,data/training/arabic/professional_msa/processed/clip_000374.wav,language-related file
arabic,data,data/training/arabic/professional_msa/processed/clip_000375.wav,language-related file
arabic,data,data/training/arabic/professional_msa/processed/clip_000376.wav,language-related file
arabic,data,data/training/arabic/professional_msa/processed/clip_000377.wav,language-related file
arabic,data,data/training/arabic/professional_msa/processed/clip_000378.wav,language-related file
arabic,data,data/training/arabic/professional_msa/processed/clip_000379.wav,language-related file
arabic,data,data/training/arabic/professional_msa/processed/clip_000380.wav,language-related file
arabic,data,data/training/arabic/professional_msa/processed/clip_000381.wav,language-related file
arabic,data,data/training/arabic/professional_msa/processed/clip_000382.wav,language-related file
arabic,data,data/training/arabic/professional_msa/processed/clip_000383.wav,language-related file
arabic,data,data/training/arabic/professional_msa/processed/clip_000384.wav,language-related file
arabic,data,data/training/arabic/professional_msa/processed/clip_000385.wav,language-related file
arabic,data,data/training/arabic/professional_msa/processed/clip_000386.wav,language-related file
arabic,data,data/training/arabic/professional_msa/processed/clip_000387.wav,language-related file
arabic,data,data/training/arabic/professional_msa/processed/clip_000388.wav,language-related file
arabic,data,data/training/arabic/professional_msa/processed/clip_000389.wav,language-related file
arabic,data,data/training/arabic/professional_msa/processed/clip_000390.wav,language-related file
arabic,data,data/training/arabic/professional_msa/processed/clip_000391.wav,language-related file
arabic,data,data/training/arabic/professional_msa/processed/clip_000392.wav,language-related file
arabic,data,data/training/arabic/professional_msa/processed/clip_000393.wav,language-related file
arabic,data,data/training/arabic/professional_msa/processed/clip_000394.wav,language-related file
arabic,data,data/training/arabic/professional_msa/processed/clip_000395.wav,language-related file
arabic,data,data/training/arabic/professional_msa/processed/clip_000396.wav,language-related file
arabic,data,data/training/arabic/professional_msa/processed/clip_000397.wav,language-related file
arabic,data,data/training/arabic/professional_msa/processed/clip_000398.wav,language-related file
arabic,data,data/training/arabic/professional_msa/processed/clip_000399.wav,language-related file
arabic,data,data/training/arabic/professional_msa/processed/clip_000400.wav,language-related file
arabic,data,data/training/arabic/professional_msa/processed/clip_000401.wav,language-related file
arabic,data,data/training/arabic/professional_msa/processed/clip_000402.wav,language-related file
arabic,data,data/training/arabic/professional_msa/processed/clip_000403.wav,language-related file
arabic,data,data/training/arabic/professional_msa/processed/clip_000404.wav,language-related file
arabic,data,data/training/arabic/professional_msa/processed/clip_000405.wav,language-related file
arabic,data,data/training/arabic/professional_msa/processed/clip_000406.wav,language-related file
arabic,data,data/training/arabic/professional_msa/processed/clip_000407.wav,language-related file
arabic,data,data/training/arabic/professional_msa/processed/clip_000408.wav,language-related file
arabic,data,data/training/arabic/professional_msa/processed/clip_000409.wav,language-related file
arabic,data,data/training/arabic/professional_msa/processed/clip_000410.wav,language-related file
arabic,data,data/training/arabic/professional_msa/processed/clip_000411.wav,language-related file
arabic,data,data/training/arabic/professional_msa/processed/clip_000412.wav,language-related file
arabic,data,data/training/arabic/professional_msa/processed/clip_000413.wav,language-related file
arabic,data,data/training/arabic/professional_msa/processed/clip_000414.wav,language-related file
arabic,data,data/training/arabic/professional_msa/processed/clip_000415.wav,language-related file
arabic,data,data/training/arabic/professional_msa/processed/clip_000416.wav,language-related file
arabic,data,data/training/arabic/professional_msa/processed/clip_000417.wav,language-related file
arabic,data,data/training/arabic/professional_msa/processed/clip_000418.wav,language-related file
arabic,data,data/training/arabic/professional_msa/processed/clip_000419.wav,language-related file
arabic,data,data/training/arabic/professional_msa/processed/clip_000420.wav,language-related file
arabic,data,data/training/arabic/professional_msa/processed/clip_000421.wav,language-related file
arabic,data,data/training/arabic/professional_msa/processed/clip_000422.wav,language-related file
arabic,data,data/training/arabic/professional_msa/processed/clip_000423.wav,language-related file
arabic,data,data/training/arabic/professional_msa/processed/clip_000424.wav,language-related file
arabic,data,data/training/arabic/professional_msa/processed/clip_000425.wav,language-related file
arabic,data,data/training/arabic/professional_msa/processed/clip_000426.wav,language-related file
arabic,data,data/training/arabic/professional_msa/processed/clip_000427.wav,language-related file
arabic,data,data/training/arabic/professional_msa/processed/clip_000428.wav,language-related file
arabic,data,data/training/arabic/professional_msa/processed/clip_000429.wav,language-related file
arabic,data,data/training/arabic/professional_msa/processed/clip_000430.wav,language-related file
arabic,data,data/training/arabic/professional_msa/processed/clip_000431.wav,language-related file
arabic,data,data/training/arabic/professional_msa/processed/clip_000432.wav,language-related file
arabic,data,data/training/arabic/professional_msa/processed/clip_000433.wav,language-related file
arabic,data,data/training/arabic/professional_msa/processed/clip_000434.wav,language-related file
arabic,data,data/training/arabic/professional_msa/processed/clip_000435.wav,language-related file
arabic,data,data/training/arabic/professional_msa/processed/clip_000436.wav,language-related file
arabic,data,data/training/arabic/professional_msa/processed/clip_000437.wav,language-related file
arabic,data,data/training/arabic/professional_msa/processed/clip_000438.wav,language-related file
arabic,data,data/training/arabic/professional_msa/splits/split_summary.json,language-related file
arabic,data,data/training/arabic/professional_msa/splits/test.csv,language-related file
arabic,data,data/training/arabic/professional_msa/splits/train.csv,language-related file
arabic,data,data/training/arabic/professional_msa/splits/validation.csv,language-related file
arabic,doc,docs/arabic_results.md,human-readable documentation for this language
arabic,doc,docs/chatterbox_arabic_experiment_notes.md,human-readable documentation for this language
arabic,doc,docs/xtts_arabic_experiment_notes.md,human-readable documentation for this language
arabic,evidence,evidence/result_snapshots/arabic_model_comparison_summary.json,execution proof/log/snapshot for this language
arabic,evidence,evidence/result_snapshots/arabic_speaker_similarity_summary.json,execution proof/log/snapshot for this language
arabic,evidence,evidence/result_snapshots/chatterbox/arabic/chatterbox_arabic_summary.json,execution proof/log/snapshot for this language
arabic,evidence,evidence/result_snapshots/chatterbox/arabic/chatterbox_completion_manifest.csv,execution proof/log/snapshot for this language
arabic,evidence,evidence/result_snapshots/xtts/arabic/xtts_arabic_generation_summary.json,execution proof/log/snapshot for this language
arabic,evidence,evidence/result_snapshots/xtts/arabic/xtts_arabic_summary.json,execution proof/log/snapshot for this language
arabic,evidence,evidence/result_snapshots/xtts/arabic/xtts_completion_manifest.csv,execution proof/log/snapshot for this language
arabic,evidence,evidence/terminal_logs/arabic_dataset_extraction.txt,execution proof/log/snapshot for this language
arabic,evidence,evidence/terminal_logs/arabic_latency_analysis.txt,execution proof/log/snapshot for this language
arabic,evidence,evidence/terminal_logs/arabic_model_comparison.txt,execution proof/log/snapshot for this language
arabic,evidence,evidence/terminal_logs/arabic_reference_validation.txt,execution proof/log/snapshot for this language
arabic,evidence,evidence/terminal_logs/arabic_reference_validation_final.txt,execution proof/log/snapshot for this language
arabic,evidence,evidence/terminal_logs/chatterbox_arabic_final_evaluation.txt,execution proof/log/snapshot for this language
arabic,evidence,evidence/terminal_logs/chatterbox_arabic_final_generation.txt,execution proof/log/snapshot for this language
arabic,evidence,evidence/terminal_logs/chatterbox_arabic_parameter_evaluation.txt,execution proof/log/snapshot for this language
arabic,evidence,evidence/terminal_logs/chatterbox_arabic_parameter_tests.txt,execution proof/log/snapshot for this language
arabic,evidence,evidence/terminal_logs/chatterbox_arabic_reference_evaluation.txt,execution proof/log/snapshot for this language
arabic,evidence,evidence/terminal_logs/chatterbox_arabic_reference_generation.txt,execution proof/log/snapshot for this language
arabic,evidence,evidence/terminal_logs/chatterbox_arabic_sample_wer.txt,execution proof/log/snapshot for this language
arabic,evidence,evidence/terminal_logs/chatterbox_arabic_test.txt,execution proof/log/snapshot for this language
arabic,evidence,evidence/terminal_logs/chatterbox_arabic_test_normalized.txt,execution proof/log/snapshot for this language
arabic,evidence,evidence/terminal_logs/mms_arabic_benchmark.txt,execution proof/log/snapshot for this language
arabic,evidence,evidence/terminal_logs/xtts_api_signatures.txt,execution proof/log/snapshot for this language
arabic,evidence,evidence/terminal_logs/xtts_arabic_final_evaluation.txt,execution proof/log/snapshot for this language
arabic,evidence,evidence/terminal_logs/xtts_arabic_final_generation.txt,execution proof/log/snapshot for this language
arabic,evidence,evidence/terminal_logs/xtts_arabic_initial_audio_validation.txt,execution proof/log/snapshot for this language
arabic,evidence,evidence/terminal_logs/xtts_arabic_initial_generation.txt,execution proof/log/snapshot for this language
arabic,evidence,evidence/terminal_logs/xtts_arabic_initial_wer.txt,execution proof/log/snapshot for this language
arabic,evidence,evidence/terminal_logs/xtts_arabic_parameter_tests.txt,execution proof/log/snapshot for this language
arabic,evidence,evidence/terminal_logs/xtts_arabic_reference_comparison.txt,execution proof/log/snapshot for this language
arabic,evidence,evidence/terminal_logs/xtts_coqui_import_verification.txt,execution proof/log/snapshot for this language
arabic,evidence,evidence/terminal_logs/xtts_coqui_install.txt,execution proof/log/snapshot for this language
arabic,evidence,evidence/terminal_logs/xtts_model_load.txt,execution proof/log/snapshot for this language
arabic,evidence,evidence/terminal_logs/xtts_model_registry_item.txt,execution proof/log/snapshot for this language
arabic,evidence,evidence/terminal_logs/xtts_model_registry_verification.txt,execution proof/log/snapshot for this language
arabic,evidence,evidence/terminal_logs/xtts_supported_languages.txt,execution proof/log/snapshot for this language
arabic,evidence,evidence/terminal_logs/xtts_transformers_downgrade.txt,execution proof/log/snapshot for this language
arabic,output,outputs/chatterbox/arabic/ar_clone_01_greeting.json,generated audio or sidecar evidence for this language
arabic,output,outputs/chatterbox/arabic/ar_clone_01_greeting.wav,generated audio or sidecar evidence for this language
arabic,output,outputs/chatterbox/arabic/ar_clone_01_greeting_ref_long.json,generated audio or sidecar evidence for this language
arabic,output,outputs/chatterbox/arabic/ar_clone_01_greeting_ref_long.wav,generated audio or sidecar evidence for this language
arabic,output,outputs/chatterbox/arabic/ar_clone_01_greeting_ref_short.json,generated audio or sidecar evidence for this language
arabic,output,outputs/chatterbox/arabic/ar_clone_01_greeting_ref_short.wav,generated audio or sidecar evidence for this language
arabic,output,outputs/chatterbox/arabic/ar_clone_01_greeting_ref_standard.json,generated audio or sidecar evidence for this language
arabic,output,outputs/chatterbox/arabic/ar_clone_01_greeting_ref_standard.wav,generated audio or sidecar evidence for this language
arabic,output,outputs/chatterbox/arabic/ar_clone_01_temp06_cfg05.json,generated audio or sidecar evidence for this language
arabic,output,outputs/chatterbox/arabic/ar_clone_01_temp06_cfg05.wav,generated audio or sidecar evidence for this language
arabic,output,outputs/chatterbox/arabic/ar_clone_01_temp07_cfg04.json,generated audio or sidecar evidence for this language
arabic,output,outputs/chatterbox/arabic/ar_clone_01_temp07_cfg04.wav,generated audio or sidecar evidence for this language
arabic,output,outputs/chatterbox/arabic/ar_clone_01_temp07_cfg05.json,generated audio or sidecar evidence for this language
arabic,output,outputs/chatterbox/arabic/ar_clone_01_temp07_cfg05.wav,generated audio or sidecar evidence for this language
arabic,output,outputs/chatterbox/arabic/ar_clone_01_temp07_cfg06.json,generated audio or sidecar evidence for this language
arabic,output,outputs/chatterbox/arabic/ar_clone_01_temp07_cfg06.wav,generated audio or sidecar evidence for this language
arabic,output,outputs/chatterbox/arabic/ar_clone_01_temp08_cfg05.json,generated audio or sidecar evidence for this language
arabic,output,outputs/chatterbox/arabic/ar_clone_01_temp08_cfg05.wav,generated audio or sidecar evidence for this language
arabic,output,outputs/chatterbox/arabic/ar_clone_02_technology.json,generated audio or sidecar evidence for this language
arabic,output,outputs/chatterbox/arabic/ar_clone_02_technology.wav,generated audio or sidecar evidence for this language
arabic,output,outputs/chatterbox/arabic/ar_clone_03_conversational.json,generated audio or sidecar evidence for this language
arabic,output,outputs/chatterbox/arabic/ar_clone_03_conversational.wav,generated audio or sidecar evidence for this language
arabic,output,outputs/chatterbox/arabic/ar_clone_04_numbers.json,generated audio or sidecar evidence for this language
arabic,output,outputs/chatterbox/arabic/ar_clone_04_numbers.wav,generated audio or sidecar evidence for this language
arabic,output,outputs/chatterbox/arabic/ar_clone_05_expressive.json,generated audio or sidecar evidence for this language
arabic,output,outputs/chatterbox/arabic/ar_clone_05_expressive.wav,generated audio or sidecar evidence for this language
arabic,output,outputs/human_review/arabic/sample_A_01.wav,generated audio or sidecar evidence for this language
arabic,output,outputs/human_review/arabic/sample_A_02.wav,generated audio or sidecar evidence for this language
arabic,output,outputs/human_review/arabic/sample_A_03.wav,generated audio or sidecar evidence for this language
arabic,output,outputs/human_review/arabic/sample_A_04.wav,generated audio or sidecar evidence for this language
arabic,output,outputs/human_review/arabic/sample_A_05.wav,generated audio or sidecar evidence for this language
arabic,output,outputs/human_review/arabic/sample_B_01.wav,generated audio or sidecar evidence for this language
arabic,output,outputs/human_review/arabic/sample_B_02.wav,generated audio or sidecar evidence for this language
arabic,output,outputs/human_review/arabic/sample_B_03.wav,generated audio or sidecar evidence for this language
arabic,output,outputs/human_review/arabic/sample_B_04.wav,generated audio or sidecar evidence for this language
arabic,output,outputs/human_review/arabic/sample_B_05.wav,generated audio or sidecar evidence for this language
arabic,output,outputs/mms/arabic/ar_01_run_01.wav,generated audio or sidecar evidence for this language
arabic,output,outputs/mms/arabic/ar_01_run_02.wav,generated audio or sidecar evidence for this language
arabic,output,outputs/mms/arabic/ar_01_run_03.wav,generated audio or sidecar evidence for this language
arabic,output,outputs/mms/arabic/ar_02_run_01.wav,generated audio or sidecar evidence for this language
arabic,output,outputs/mms/arabic/ar_02_run_02.wav,generated audio or sidecar evidence for this language
arabic,output,outputs/mms/arabic/ar_02_run_03.wav,generated audio or sidecar evidence for this language
arabic,output,outputs/mms/arabic/ar_03_run_01.wav,generated audio or sidecar evidence for this language
arabic,output,outputs/mms/arabic/ar_03_run_02.wav,generated audio or sidecar evidence for this language
arabic,output,outputs/mms/arabic/ar_03_run_03.wav,generated audio or sidecar evidence for this language
arabic,output,outputs/mms/arabic/ar_04_run_01.wav,generated audio or sidecar evidence for this language
arabic,output,outputs/mms/arabic/ar_04_run_02.wav,generated audio or sidecar evidence for this language
arabic,output,outputs/mms/arabic/ar_04_run_03.wav,generated audio or sidecar evidence for this language
arabic,output,outputs/mms/arabic/ar_05_run_01.wav,generated audio or sidecar evidence for this language
arabic,output,outputs/mms/arabic/ar_05_run_02.wav,generated audio or sidecar evidence for this language
arabic,output,outputs/mms/arabic/ar_05_run_03.wav,generated audio or sidecar evidence for this language
arabic,output,outputs/mms/arabic/ar_mms_smoke_test.json,generated audio or sidecar evidence for this language
arabic,output,outputs/mms/arabic/ar_mms_smoke_test.wav,generated audio or sidecar evidence for this language
arabic,output,outputs/xtts/arabic/ar_clone_01_greeting.json,generated audio or sidecar evidence for this language
arabic,output,outputs/xtts/arabic/ar_clone_01_greeting.wav,generated audio or sidecar evidence for this language
arabic,output,outputs/xtts/arabic/ar_clone_02_technology.json,generated audio or sidecar evidence for this language
arabic,output,outputs/xtts/arabic/ar_clone_02_technology.wav,generated audio or sidecar evidence for this language
arabic,output,outputs/xtts/arabic/ar_clone_03_conversational.json,generated audio or sidecar evidence for this language
arabic,output,outputs/xtts/arabic/ar_clone_03_conversational.wav,generated audio or sidecar evidence for this language
arabic,output,outputs/xtts/arabic/ar_clone_04_numbers.json,generated audio or sidecar evidence for this language
arabic,output,outputs/xtts/arabic/ar_clone_04_numbers.wav,generated audio or sidecar evidence for this language
arabic,output,outputs/xtts/arabic/ar_clone_05_expressive.json,generated audio or sidecar evidence for this language
arabic,output,outputs/xtts/arabic/ar_clone_05_expressive.wav,generated audio or sidecar evidence for this language
arabic,output,outputs/xtts/arabic/parameter_tests/ar_greeting_config_A.json,generated audio or sidecar evidence for this language
arabic,output,outputs/xtts/arabic/parameter_tests/ar_greeting_config_A.wav,generated audio or sidecar evidence for this language
arabic,output,outputs/xtts/arabic/parameter_tests/ar_greeting_config_B.json,generated audio or sidecar evidence for this language
arabic,output,outputs/xtts/arabic/parameter_tests/ar_greeting_config_B.wav,generated audio or sidecar evidence for this language
arabic,output,outputs/xtts/arabic/parameter_tests/ar_greeting_config_C.json,generated audio or sidecar evidence for this language
arabic,output,outputs/xtts/arabic/parameter_tests/ar_greeting_config_C.wav,generated audio or sidecar evidence for this language
arabic,output,outputs/xtts/arabic/parameter_tests/ar_greeting_config_D.json,generated audio or sidecar evidence for this language
arabic,output,outputs/xtts/arabic/parameter_tests/ar_greeting_config_D.wav,generated audio or sidecar evidence for this language
arabic,output,outputs/xtts/arabic/reference_tests/ar_greeting_long.json,generated audio or sidecar evidence for this language
arabic,output,outputs/xtts/arabic/reference_tests/ar_greeting_long.wav,generated audio or sidecar evidence for this language
arabic,output,outputs/xtts/arabic/reference_tests/ar_greeting_multi.json,generated audio or sidecar evidence for this language
arabic,output,outputs/xtts/arabic/reference_tests/ar_greeting_multi.wav,generated audio or sidecar evidence for this language
arabic,output,outputs/xtts/arabic/reference_tests/ar_greeting_short.json,generated audio or sidecar evidence for this language
arabic,output,outputs/xtts/arabic/reference_tests/ar_greeting_short.wav,generated audio or sidecar evidence for this language
arabic,output,outputs/xtts/arabic/reference_tests/ar_greeting_standard.json,generated audio or sidecar evidence for this language
arabic,output,outputs/xtts/arabic/reference_tests/ar_greeting_standard.wav,generated audio or sidecar evidence for this language
arabic,result,results/arabic_model_comparison.csv,metric/result evidence for this language
arabic,result,results/arabic_model_comparison.legacy_pre_language_report.csv,metric/result evidence for this language
arabic,result,results/arabic_native_review_sheet.csv,metric/result evidence for this language
arabic,result,results/arabic_speaker_similarity.csv,metric/result evidence for this language
arabic,result,results/chatterbox_arabic_evaluation.csv,metric/result evidence for this language
arabic,result,results/chatterbox_arabic_generation.csv,metric/result evidence for this language
arabic,result,results/chatterbox_arabic_parameter_evaluation.csv,metric/result evidence for this language
arabic,result,results/chatterbox_arabic_parameter_tests.csv,metric/result evidence for this language
arabic,result,results/chatterbox_arabic_reference_comparison.csv,metric/result evidence for this language
arabic,result,results/chatterbox_arabic_reference_generation.csv,metric/result evidence for this language
arabic,result,results/xtts_arabic_evaluation.csv,metric/result evidence for this language
arabic,result,results/xtts_arabic_generation.csv,metric/result evidence for this language
arabic,result,results/xtts_arabic_initial_test.csv,metric/result evidence for this language
arabic,result,results/xtts_arabic_parameter_evaluation.csv,metric/result evidence for this language
arabic,result,results/xtts_arabic_parameter_tests.csv,metric/result evidence for this language
arabic,result,results/xtts_arabic_reference_comparison.csv,metric/result evidence for this language
arabic,result,results/xtts_arabic_reference_generation.csv,metric/result evidence for this language
arabic,script,scripts/compare_arabic_models.py,implementation or evaluation code for this language
arabic,script,scripts/create_arabic_dataset_splits.py,implementation or evaluation code for this language
arabic,script,scripts/evaluate_chatterbox_arabic.py,implementation or evaluation code for this language
arabic,script,scripts/evaluate_xtts_arabic.py,implementation or evaluation code for this language
arabic,script,scripts/extract_arabic_professional_voice.py,implementation or evaluation code for this language
arabic,script,scripts/validate_arabic_references.py,implementation or evaluation code for this language
arabic,script,scripts/validate_chatterbox_arabic_sample.py,implementation or evaluation code for this language
arabic,script,scripts/validate_xtts_arabic_sample.py,implementation or evaluation code for this language
arabic,script,scripts/validate_xtts_audio.py,implementation or evaluation code for this language
arabic,script,scripts/verify_xtts_arabic_model.py,implementation or evaluation code for this language
arabic,source,src/generate_chatterbox_arabic.py,implementation or evaluation code for this language
arabic,source,src/generate_chatterbox_arabic_test.py,implementation or evaluation code for this language
arabic,source,src/generate_xtts_arabic.py,implementation or evaluation code for this language
arabic,source,src/generate_xtts_arabic_test.py,implementation or evaluation code for this language
arabic,source,src/validate_chatterbox_arabic_sample.py,implementation or evaluation code for this language
