dataset_row,file_name,transcription,speaker_name,duration_seconds,sample_rate,channels,peak,rms,hard_clip_samples,silence_ratio,usable,rejection_reason,error,split
380,clip_000380.wav,هَذَا สُؤَالٌ مُهِمٌّ. التَّدْخِينُ مُحَرَّمٌ فِي الْإِسْلَامِ بِنَاءً عَلَى قَاعِدَةِ لَا ضَرَرَ وَلَا ضِرَارَ، وَلِأَنَّ الشَّرِيعَةَ أَمَرَتْ بِحِفْظِ الصِّحَّةِ وَالنَّفْسِ وَالْمَالِ مِنَ الْهَلَاكِ.,arabic_professional_male,13.44,24000,1,0.919586181640625,0.27468767762184143,0,0.23736669146825398,Yes,,,train
337,clip_000337.wav,لِلتَّوْضِيحِ، سُورَةُ الْفَاتِحَةِ تُسَمَّى بِأُمِّ الْكِتَابِ، وَالشَّافِيَةِ، وَالسَّبْعِ الْمَثَانِي، لِأَنَّهَا تُقْرَأُ فِي كُلِّ رَكْعَةٍ مِنْ رَكَعَاتِ الصَّلَاةِ.,arabic_professional_male,10.4,24000,1,0.92071533203125,0.25776952505111694,0,0.2352323717948718,Yes,,,train
394,clip_000394.wav,رَدًّا عَلَى ذَلِكَ، مَدِينَةُ الْأَنْدَلُسِ الَّتِي حَكَمَهَا الْمُسْلِمُونَ لِثَمَانِيَةِ قُرُونٍ تَقَعُ فِي جَنُوبِ أُورُوبَّا، وَهِيَ تَمْثُلُ دَوْلَةَ إِسْبَانِيَا وَالْبُرْتُغَالَ فِي عَصْرِنَا الْحَالِيِّ.,arabic_professional_male,13.84,24000,1,0.92333984375,0.2788299322128296,0,0.23936657032755299,Yes,,,train
267,clip_000267.wav,إِذَا كُنْتَ تَعْمَلُ عَلَى الْحَاسُوبِ لِفَتْرَاتٍ طَوِيلَةٍ، ضَعْ مِقْيَاسًا صَوْتِيًّا يُذَكِّرُكَ بِالصَّلَاةِ عَلَى النَّبِيِّ كُلَّ نِصْفِ سَاعَةٍ.,arabic_professional_male,8.48,24000,1,0.866119384765625,0.29372864961624146,0,0.1366008254716981,Yes,,,train
84,clip_000084.wav,جَمِيلٌ جِدًّا! لَقَدْ أَصْبَحْتَ تَعْرِفُ أَسْمَاءَ الْخُلَفَاءِ الرَّاشِدِينَ الْأَرْبَعَةِ بِالتَّرْتِيبِ.,arabic_professional_male,6.24,24000,1,0.937652587890625,0.27335289120674133,0,0.18225827991452992,Yes,,,train
110,clip_000110.wav,هَذَا الْإِعْدَادُ مُخَصَّصٌ لِلْمُسْتَخْدِمِينَ الْمُتَقَدِّمِينَ فِي دِرَاسَةِ عُلُومِ الْقُرْآنِ وَالْقِرَاءَاتِ.,arabic_professional_male,6.16,24000,1,0.910430908203125,0.298585444688797,0,0.1390625,Yes,,,train
427,clip_000427.wav,الشَّيْطَانُ يُحِبُّ أَنْ يُحْزِنَ الَّذِينَ آمَنُوا. اسْتَعِذْ بِاللَّهِ مِنْهُ، وَابْتَسِمْ، فَإِنَّ مَعَ الْعُسْرِ يُسْرًا.,arabic_professional_male,8.96,24000,1,0.91607666015625,0.26526978611946106,0,0.23617001488095238,Yes,,,train
376,clip_000376.wav,أُفِيدُكَ بِأَنَّ مَاءَ زَمْزَمَ لِمَا شُرِبَ لَهُ، وَهُوَ مَاءٌ مُبَارَكٌ نَبَعَ بَيْنَ يَدَيْ إِسْمَاعِيلَ وَأُمِّهِ هَاجَرَ عَلَيْهِمَا السَّلَامُ فِي مَكَّةَ أُثْنَاءَ سَعْيِهَا خَلْفَ الْمَاءِ.,arabic_professional_male,14.24,24000,1,0.999969482421875,0.2753932476043701,0,0.2247132490636704,Yes,,,train
97,clip_000097.wav,إِذَا أَرَدْتَ إِيقَافِي عَنِ الْحَدِيثِ فِي أَيِّ وَقْتٍ، فَقَطْ قُلْ: أَوْقِفِ التَّشْغِيلَ يَا مُسْلِمُ.,arabic_professional_male,6.88,24000,1,0.932373046875,0.24662743508815765,0,0.2822432170542636,Yes,,,train
282,clip_000282.wav,لَقَدْ قُمْتُ بِنَسْخِ هَذَا الْحَدِيثِ إِلَى الْحَافِظَةِ، يُمْكِنُكَ لَصْقُهُ الْآنَ فِي أَيِّ مَكَانٍ تُرِيدُ.,arabic_professional_male,7.36,24000,1,0.89111328125,0.2827686071395874,0,0.213671875,Yes,,,train
87,clip_000087.wav,بَدَأْتُ فِي تَسْجِيلِ صَوْتِكَ، إِقْرَأِ الْآيَةَ الْآنَ وَسَأَقُومُ بِتَحْلِيلِ التَّجْوِيدِ لَدَيْكَ.,arabic_professional_male,7.2,24000,1,0.901519775390625,0.2691670060157776,0,0.25896412037037037,Yes,,,train
172,clip_000172.wav,غُسْلُ يَوْمِ الْجُمُعَةِ سُنَّةٌ مُؤَكَّدَةٌ لِمَنْ يَحْضُرُ الصَّلَاةَ، وَلَيْسَ فَرْضًا تَبْطُلُ الصَّلَاةُ بِتَرْكِهِ، لَكِنَّ أَجْرَهُ عَظِيمٌ.,arabic_professional_male,10.0,24000,1,0.88958740234375,0.2631330192089081,0,0.18612083333333335,Yes,,,train
213,clip_000213.wav,الْمَدُّ اللَّازِمُ الْكَلِمِيُّ الْمُثَقَّلُ يُمَدُّ بِمِقْدَارِ سِتِّ حَرَكَاتٍ لُزُومًا، كَمَا فِي كَلِمَةِ «الضَّالِّينَ».,arabic_professional_male,8.64,24000,1,0.93017578125,0.26990124583244324,0,0.22763792438271604,Yes,,,train
272,clip_000272.wav,الْوَضْعُ اللَّيْلِيُّ مُفَعَّلٌ الْآنَ، تَمَّ تَقْلِيلُ إِضَاءَةِ الشَّاشَةِ وَتَحْوِيلُ النُّصُوصِ إِلَى اللَّوْنِ الدَّاكِنِ لِتُرِيحَ عَيْنَيْكَ أَثْنَاءَ الْقِرَاءَةِ.,arabic_professional_male,9.84,24000,1,0.917755126953125,0.299554705619812,0,0.17195968834688347,Yes,,,train
80,clip_000080.wav,هَلْ تَرْغَبُ فِي الِاسْتِمَاعِ إِلَى رُقْيَةٍ شَرْعِيَّةٍ لِتَحْصِينِ الْمَنْزِلِ؟,arabic_professional_male,4.24,24000,1,0.935089111328125,0.3120245635509491,0,0.10591588050314465,Yes,,,train
41,clip_000041.wav,هَذِهِ إِحْدَى قَصَائِدِ الْمَدِيحِ النَّبَوِيِّ النَّظِيفَةِ بِدُونِ مُوسِيقَى، أَتَمَنَّى أَنْ تَنَالَ إِعْجَابَكَ.,arabic_professional_male,6.8,24000,1,0.90533447265625,0.2941395044326782,0,0.15443627450980393,Yes,,,train
248,clip_000248.wav,هَلْ تَرْغَبُ فِي مُشَارَكَةِ هَذِهِ الْفَتْوَى مَعَ أَصْدِقَائِكَ عَبْرَ تَطْبِيقِ الوَاتْسَابِ أَوْ تِلِيغْرَام؟,arabic_professional_male,7.28,24000,1,0.922821044921875,0.28602033853530884,0,0.21146405677655677,Yes,,,train
361,clip_000361.wav,أُجِيبُكَ بِوُضُوحٍ؛ صَلَاةُ التَّهَجُّدِ تُخَصَّصُ بِمَا بَعْدَ النَّوْمِ فِي ثُلُثِ اللَّيْلِ الْأَخِيرِ، بَيْنَمَا قِيَامُ اللَّيْلِ يَبْدَأُ مِنْ بَعْدِ صَلَاةِ الْعِشَاءِ مُبَاشَرَةً.,arabic_professional_male,12.56,24000,1,0.88665771484375,0.2720963954925537,0,0.2223261677282378,Yes,,,train
315,clip_000315.wav,حَسَنًا، الرُّوحُ الْأَمِينُ هُوَ لَقَبُ الْمَلَاكِ جِبْرِيلَ عَلَيْهِ السَّلَامُ، وَهُوَ الْمُوَكَّلُ بِنُزُولِ الْوَحْيِ مِنْ عِنْدِ اللَّهِ إِلَى الْأَنْبِيَاءِ وَالرُّسُلِ.,arabic_professional_male,10.64,24000,1,0.9271240234375,0.28741011023521423,0,0.22494125939849624,Yes,,,train
265,clip_000265.wav,الْأَنْدَلُسُ شَهِدَتْ نَهْضَةً عِلْمِيَّةً هَائِلَةً فِي الطِّبِّ وَالْفَلَكِ وَالْهَنْدَسَةِ إِبَّانَ الْحُكْمِ الْإِسْلَامِيِّ لَهَا.,arabic_professional_male,8.4,24000,1,0.8975830078125,0.28555363416671753,0,0.15651785714285715,Yes,,,train
64,clip_000064.wav,نَعَمْ، صَحِيحٌ! سُورَةُ الْبَقَرَةِ هِيَ أَطْوَلُ سُورَةٍ فِي الْقُرْآنِ الْكَرِيمِ.,arabic_professional_male,6.24,24000,1,0.887054443359375,0.24798110127449036,0,0.26954460470085473,Yes,,,train
137,clip_000137.wav,يَا لَهَا مِنْ لَوْحَةٍ رَائِعَةٍ رَسَمْتَهَا لِلْمَسْجِدِ! سَأَقُومُ بِحِفْظِهَا فِي سِجِلِّ إِنْجَازَاتِكَ فَوْرًا.,arabic_professional_male,7.44,24000,1,0.9376220703125,0.27741649746894836,0,0.17770497311827957,Yes,,,train
244,clip_000244.wav,لَا تُقَارِنْ حَيَاتَكَ بِحَيَاةِ الْآخَرِينَ عَلَى مَوَاقِعِ التَّوَاصُلِ الِاجْتِمَاعِيِّ، فَالرِّضَا بِمَا قَسَمَهُ اللَّهُ لَكَ هُوَ أَكْبَرُ غِنًى.,arabic_professional_male,9.76,24000,1,0.907196044921875,0.26412907242774963,0,0.1966700819672131,Yes,,,train
341,clip_000341.wav,أَهْلُ الْكَهْفِ هُمْ فِتْيَةٌ آمَنُوا بِاللَّهِ وَفَرُّوا بِدِينِهِمْ مِنْ مَلِكٍ ظَالِمٍ، فَأَنَامَهُمُ اللَّهُ فِي كَهْفِهِمْ ثَلَاثَمِائَةٍ وَتِسْعَ سِنِينَ لِحِكْمَةٍ بَالِغَةٍ.,arabic_professional_male,12.88,24000,1,0.925994873046875,0.2713281810283661,0,0.1939182194616977,Yes,,,train
66,clip_000066.wav,فِي أَيِّ سَنَةٍ تُوُفِّيَ رَسُولُ اللَّهِ؟ هَلْ تَحْتَاجُ تَلْمِيحًا صَغِيرًا؟,arabic_professional_male,5.28,24000,1,0.9583740234375,0.2859553396701813,0,0.23609532828282828,Yes,,,train
144,clip_000144.wav,إِنَّهُ يَوْمُ الْخَمِيسِ، غَدًا الْجُمُعَةُ. لَا تَنْسَ قَصَّ الْأَظَافِرِ وَالتَّطَيُّبَ قَبْلَ الذَّهَابِ لِصَلَاةِ الْجُمُعَةِ.,arabic_professional_male,9.04,24000,1,0.895843505859375,0.26377424597740173,0,0.22254332595870208,Yes,,,train
140,clip_000140.wav,صَبَاحُ الْخَيْرِ. الطَّقْسُ الْيَوْمَ مُعْتَدِلٌ جِدًّا، وَهُوَ يَوْمٌ جَمِيلٌ لِلْبَدْءِ بِذِكْرِ اللَّهِ تَعَالَى.,arabic_professional_male,8.24,24000,1,0.917633056640625,0.241807222366333,0,0.2792677993527508,Yes,,,train
104,clip_000104.wav,هَلْ تَرْغَبُ فِي تَفْعِيلِ خَاصِّيَّةِ التَّشْغِيلِ التِّلْقَائِيِّ لِلسُّوَرِ التَّالِيَةِ؟,arabic_professional_male,4.96,24000,1,0.91180419921875,0.27891698479652405,0,0.15630040322580646,Yes,,,train
257,clip_000257.wav,حُكْمُ صَيْدِ الْبَرِّ لِلْمُحْرِمِ بِالْحَجِّ أَوْ الْعُمْرَةِ أَنَّهُ مُحَرَّمٌ مُطْلَقًا، بَيْنَمَا أَبَاحَ لَهُ الشَّرْعُ صَيْدَ الْبَحْرِ وَطَعَامَهُ.,arabic_professional_male,9.52,24000,1,0.911865234375,0.27585703134536743,0,0.13469450280112044,Yes,,,train
317,clip_000317.wav,لِلْإِجَابَةِ عَلَى ذَلِكَ؛ سَجْدَةُ التِّلَاوَةِ سُنَّةٌ وَلَيْسَتْ بِوَاجِبَةٍ، فَإِذَا مَرَّ الْقَارِئُ بِآيَةِ سَجْدَةٍ يُسْتَحَبُّ لَهُ أَنْ يَسْجُدَ وَيُكَبِّرَ، وَإِنْ لَمْ يَسْجُدْ فَلَا حَرَجَ عَلَيْهِ.,arabic_professional_male,13.44,24000,1,0.94219970703125,0.27221211791038513,0,0.2312562003968254,Yes,,,train
264,clip_000264.wav,مَعْرَكَةُ عَيْنِ جَالُوتَ هِيَ مَعْرَكَةٌ حَاسِمَةٌ أَوْقَفَتْ زَحْفَ الْمَغُولِ الْمُدَمِّرِ نَحْوَ مِصْرَ وَبَاقِي الْعَالَمِ الْإِسْلَامِيِّ.,arabic_professional_male,9.6,24000,1,0.907440185546875,0.28358134627342224,0,0.20845920138888888,Yes,,,train
250,clip_000250.wav,يَا صَاحِبِي، تَشْكِيلُ هَذِهِ الْكَلِمَةِ بِالضَّمِّ يُغَيِّرُ مَعْنَاهَا تَمَامًا لِتُصْبِحَ فَاعِلًا بَدَلًا مِنْ مَفْعُولٍ بِهِ، انْتَبِهْ لِلْقَوَاعِدِ النَّحْوِيَّةِ.,arabic_professional_male,11.68,24000,1,0.91729736328125,0.2880397140979767,0,0.20332477168949772,Yes,,,train
292,clip_000292.wav,تَشْكِيلُ الْحُرُوفِ لَيْسَ مُجَرَّدَ زِينَةٍ، بَلْ هُوَ حَارِسٌ لِمَعْنَى كَلَامِ اللَّهِ مِنْ أَيِّ تَحْرِيفٍ أَوْ زَلَلٍ فِي النُّطْقِ.,arabic_professional_male,9.76,24000,1,0.894775390625,0.27036550641059875,0,0.23663763661202186,Yes,,,train
413,clip_000413.wav,عِنْدَ دُخُولِ الْمَسْجِدِ يُسْتَحَبُّ أَنْ تَقُولَ: اللَّهُمَّ افْتَحْ لِي أَبْوَابَ رَحْمَتِكَ، وَتُقَدِّمَ رِجْلَكَ الْيُمْنَى.,arabic_professional_male,8.56,24000,1,0.97491455078125,0.2709929049015045,0,0.25767133956386296,Yes,,,train
329,clip_000329.wav,إِجَابَةً مُخْتَصَرَةً: دَعْوَةُ الْمَظْلُومِ مُسْتَجَابَةٌ وَلَيْسَ بَيْنَهَا وَبَيْنَ اللَّهِ حِجَابٌ، حَتَّى وَإِنْ كَانَ الْمَظْلُومُ غَيْرَ مُسْلِمٍ، فَإِنَّ اللَّهَ لَا يَرْضَى بِالظُّلْمِ أَبَدًا.,arabic_professional_male,14.32,24000,1,0.91912841796875,0.2832571268081665,0,0.22299522811918063,Yes,,,train
268,clip_000268.wav,لَقَدْ قُمْتُ بِتَنْقِيَةِ الصَّوْتِ الْخَلْفِيِّ لِهَذَا الْمَقْطَعِ، يُمْكِنُكَ الْآنَ الِاسْتِمَاعُ لِلْمُحَاضَرَةِ الدِّينِيَّةِ بِدُونِ أَيِّ تَشْوِيشٍ.,arabic_professional_male,8.64,24000,1,0.87579345703125,0.28203022480010986,0,0.18312596450617283,Yes,,,train
52,clip_000052.wav,لَقَدْ أَتْمَمْتَ الْوِرْدَ الْيَوْمِيَّ بِنَجَاحٍ. بَارَكَ اللَّهُ فِي جُهْدِكَ وَوَقْتِكَ.,arabic_professional_male,6.32,24000,1,0.919830322265625,0.299332857131958,0,0.20634229957805908,Yes,,,train
35,clip_000035.wav,عَذْرًا، لَا أَمْتَلِكُ مَعْلُومَاتٍ كَافِيَةً حَوْلَ هَذَا السُّؤَالِ التَّارِيخِيِّ التَّفْصِيلِيِّ. أَنْصَحُكَ بِمُرَاجَعَةِ كِتَابِ الْبِدَايَةِ وَالنِّهَايَةِ.,arabic_professional_male,9.84,24000,1,0.89990234375,0.2638019919395447,0,0.16509146341463415,Yes,,,train
310,clip_000310.wav,لَقَدْ بَحَثْتُ عَنْ إِجَابَتِكَ؛ اللُّقْمَانُ الْحَكِيمُ لَمْ يَكُنْ نَبِيًّا عِنْدَ جُمْهُورِ الْعُلَمَاءِ، بَلْ كَانَ عَبْدًا صَالِحًا وَرَجُلًا حَكِيمًا وَعَظَ ابْنَهُ بِمَوَاعِظَ خَلَّدَهَا الْقُرْآنُ.,arabic_professional_male,14.64,24000,1,0.930206298828125,0.2773470878601074,0,0.2299408014571949,Yes,,,train
318,clip_000318.wav,لَقَدْ سَأَلْتَ عَنْ أَصْحَابِ الْأُخْدُودِ؛ هُمْ قَوْمٌ مُؤْمِنُونَ ثَبَتُوا عَلَى دِينِهِمْ، فَأَمَرَ الْمَلِكُ الظَّالِمُ بِحَفْرِ شُقُوقٍ فِي الْأَرْضِ وَإِشْعَالِ النَّارِ فِيهَا وَحَرْقِهِمْ أحْيَاءً.,arabic_professional_male,14.24,24000,1,0.918243408203125,0.25644248723983765,0,0.20809925093632958,Yes,,,train
362,clip_000362.wav,صَدَقَةُ الْفِطْرِ وَاجِبَةٌ عَلَى كُلِّ مُسْلِمٍ قَبْلَ صَلَاةِ الْعِيدِ، وَتُعْطَى لِلْفُقَرَاءِ طُعْمَةً لَهُمْ، وَتَطْهِيرًا لِلصَّائِمِ مِنَ اللَّغْوِ وَالرَّفَثِ الَّذِي وَقَعَ فِيهِ.,arabic_professional_male,12.48,24000,1,0.90362548828125,0.28377729654312134,0,0.21571514423076923,Yes,,,train
378,clip_000378.wav,الِاعْتِكَافُ سُنَّةٌ مُؤَكَّدَةٌ فِي الْعَشْرِ الْأَوَاخِرِ مِنْ رَمَضَانَ، وَيُقْصَدُ بِهِ لُزُومُ الْمَسْجِدِ لِلتَّفَرُّغِ لِعِبَادَةِ اللَّهِ عَزَّ وَجَلَّ بَعِيدًا عَنْ مَشَاغِلِ الدُّنْيَا.,arabic_professional_male,12.64,24000,1,0.86492919921875,0.2604672908782959,0,0.18247956223628692,Yes,,,train
106,clip_000106.wav,لَا يُوجَدُ لَدَيْكَ أَيُّ تَنْبِيهَاتٍ جَدِيدَةٍ فِي الْوَقْتِ الْحَالِيِّ. هَلْ أَقْرَأُ لَكَ حَدِيثَ الْيَوْمِ؟,arabic_professional_male,7.2,24000,1,0.899566650390625,0.28884896636009216,0,0.18643518518518518,Yes,,,train
383,clip_000383.wav,بِالتَّأْكِيدِ، رُوحُ الْقُدُسِ فِي الْقُرْآنِ الْكَرِيمِ هُوَ جِبْرِيلُ عَلَيْهِ السَّلَامُ، وَقَدْ أَيَّدَ اللَّهُ بِهِ عِيسَى ابْنَ مَرْيَمَ كَمَا جَاءَ فِي سُورَةِ الْبَقَرَةِ.,arabic_professional_male,9.44,24000,1,0.924041748046875,0.28435632586479187,0,0.19933792372881357,Yes,,,train
347,clip_000347.wav,مَا تَسْأَلُ عَنْهُ يُسَمَّى طَوَافَ الْوَدَاعِ، وَهُوَ آخِرُ عَمَلٍ يَقُومُ بِهِ الْحَاجُّ قَبْلَ مُغَادَرَةِ مَكَّةَ، لِيَكُونَ آخِرُ عَهْدِهِ بِالْبَيْتِ الْحَرَامِ، وَهُوَ وَاجِبٌ عِنْدَ الْجُمْهُورِ.,arabic_professional_male,13.76,24000,1,0.922576904296875,0.2773490250110626,0,0.2041030765503876,Yes,,,train
175,clip_000175.wav,هَلْ تَعْلَمُ أَنَّ صَلَاةَ الْعِيدِ هِيَ فَرْضُ كِفَايَةٍ عِنْدَ بَعْضِ الْمَذَاهِبِ الْفِقْهِيَّةِ، بَيْنَمَا يَرَاهَا آخَرُونَ سُنَّةً مُؤَكَّدَةً؟,arabic_professional_male,8.64,24000,1,0.938568115234375,0.30065789818763733,0,0.10842496141975308,Yes,,,train
215,clip_000215.wav,هَلْ تُرِيدُ تَعَلُّمَ مَقَامَاتِ التِّلَاوَةِ؟ يُمْكِنُنِي تَدْرِيبُكَ عَلَى مَقَامِ الصَّبَا الَّذِي يَتَمَيَّزُ بِالشَّجَنِ وَالْخُشُوعِ.,arabic_professional_male,8.8,24000,1,0.920074462890625,0.30281341075897217,0,0.15145833333333333,Yes,,,train
352,clip_000352.wav,سُؤَالٌ جَمِيلٌ عَنِ الطَّيْرِ الْأَبَابِيلِ، هِيَ طُيُورٌ أَرْسَلَهَا اللَّهُ لِتَرْمِيَ جَيْشَ أَبْرَهَةَ الْحَبَشِيِّ بِحِجَارَةٍ مِنْ سِجِّيلٍ حِينَ حَاوَلُوا هَدْمَ الْكَعْبَةِ.,arabic_professional_male,11.28,24000,1,0.912261962890625,0.3038788139820099,0,0.16384825650118204,Yes,,,train
107,clip_000107.wav,أَنَا فِي وَضْعِ الِاسْتِمَاعِ، يُمْكِنُكَ بَدْءُ الْحَدِيثِ عِنْدَمَا تَكُونُ مُسْتَعِدًّا.,arabic_professional_male,5.52,24000,1,0.91619873046875,0.299065500497818,0,0.20964673913043477,Yes,,,train
177,clip_000177.wav,يَجُوزُ الْمَسْحُ عَلَى الْجَوَارِبِ فِي الْوُضُوءِ إِذَا لُبِسَتْ عَلَى طَهَارَةٍ كَامِلَةٍ، ضِمْنَ الْمُدَّةِ الْمُحَدَّدَةِ شَرْعًا لِلْمُقِيمِ وَالْمُسَافِرِ.,arabic_professional_male,9.52,24000,1,0.9150390625,0.30483278632164,0,0.14213060224089635,Yes,,,train
202,clip_000202.wav,حُرُوفُ الْقَلْقَلَةِ خَمْسَةٌ، مَجْمُوعَةٌ فِي كَلِمَتَيْ: قُطْبُ جَدٍّ، وَتُقَلْقَلُ إِذَا جَاءَتْ سَاكِنَةً فِي الْكَلِمَةِ.,arabic_professional_male,9.2,24000,1,0.89581298828125,0.2525499165058136,0,0.24321557971014493,Yes,,,train
223,clip_000223.wav,أَنَا هُنَا لِأَخْدِمَكَ طَوَالَ أَرْبَعٍ وَعِشْرِينَ سَاعَةً فِي الْيَوْمِ بِلَا تَعَبٍ. هَلْ تَرْغَبُ فِي قِرَاءَةِ كِتَابٍ صَوْتِيٍّ قَبْلَ النَّوْمِ؟,arabic_professional_male,10.24,24000,1,0.933624267578125,0.2709532082080841,0,0.2547688802083333,Yes,,,train
32,clip_000032.wav,وَقَعَتْ غَزْوَةُ أُحُدٍ فِي السَّنَةِ الثَّالِثَةِ لِلْهِجْرَةِ، وَفِيهَا اسْتُشْهِدَ حَمْزَةُ بْنُ عَبْدِ الْمُطَّلِبِ رَضِيَ اللَّهُ عَنْهُ.,arabic_professional_male,8.24,24000,1,0.891754150390625,0.25864556431770325,0,0.21232807443365695,Yes,,,train
287,clip_000287.wav,هَذِهِ الرَّسَالَةُ الصَّوْتِيَّةُ تَأْتِيكَ مِنْ مُسَاعِدِكَ «مُسْلِمٍ»، يُذَكِّرُكَ بِأَنَّهُ حَانَ وَقْتُ التَّوَاصُلِ مَعَ أَقَارِبِكَ لِصِلَةِ الرَّحِمِ.,arabic_professional_male,11.12,24000,1,0.93878173828125,0.2440817505121231,0,0.2785221822541966,Yes,,,train
270,clip_000270.wav,تَمَّ حِفْظُ نُسْخَةٍ احْتِيَاطِيَّةٍ لِكُلِّ مُلَاحَظَاتِكَ الدِّينِيَّةِ وَأَسْئِلَتِكَ فِي التَّخْزِينِ السَّحَابِيِّ بِنَجَاحٍ آَمِنٍ.,arabic_professional_male,9.28,24000,1,0.91656494140625,0.26301878690719604,0,0.16075790229885056,Yes,,,train
3,clip_000003.wav,حَسَنًا، لَحَظَاتٍ مِنْ فَضْلِكَ بَيْنَمَا أَبْحَثُ لَكَ عَنْ تَفْسِيرِ هَذِهِ الْآيَةِ الْكَرِيمَةِ.,arabic_professional_male,5.84,24000,1,0.870880126953125,0.23490215837955475,0,0.18433932648401827,Yes,,,train
46,clip_000046.wav,الْحُكْمُ هُنَا هُوَ الْإِدْغَامُ بِغُنَّةٍ، لِأَنَّ حَرْفَ الْمِيمِ جَاءَ بَعْدَ النُّونِ السَّاكِنَةِ.,arabic_professional_male,6.8,24000,1,0.848663330078125,0.2800121009349823,0,0.1854779411764706,Yes,,,train
101,clip_000101.wav,هَلْ تَسْمَعُنِي بِوُضُوحٍ الْآنَ؟ قُمْتُ بِتَعْدِيلِ مُسْتَوَى الصَّوْتِ حَسَبَ طَلَبِكَ.,arabic_professional_male,6.32,24000,1,0.91595458984375,0.2736549973487854,0,0.27720200421940927,Yes,,,train
326,clip_000326.wav,بِخُصُوصِ صَلَاةِ الْجَنَازَةِ، هِيَ أَرْبَعُ تَكْبِيرَاتٍ بِلَا رُكُوعٍ وَلَا سُجُودٍ، نَقْرَأُ الْفَاتِحَةَ ثُمَّ نُصَلِّي عَلَى النَّبِيِّ، ثُمَّ نَدْعُو لِلْمَيِّتِ، وَنَخْتِمُ بِالدُّعَاءِ لِلْمُسْلِمِينَ.,arabic_professional_male,14.72,24000,1,0.91082763671875,0.278443306684494,0,0.21468523550724639,Yes,,,train
247,clip_000247.wav,تَمَّ تَنْزِيلُ حُزْمَةِ اللُّغَةِ الْعَرَبِيَّةِ عَالِيَةِ الْجَوْدَةِ بِنَجَاحٍ. صَوْتِي الْآنَ أَصْبَحَ أَكْثَرَ وُضُوحًا وَنَقَاءً مِنْ قَبْلُ.,arabic_professional_male,9.6,24000,1,0.952362060546875,0.2582494020462036,0,0.19649739583333334,Yes,,,train
158,clip_000158.wav,هَلْ تُرِيدُ أَنْ أُشَغِّلَ لَكَ خُطْبَةَ الْجُمُعَةِ مِنَ الْمَسْجِدِ الْحَرَامِ فِي بَثٍّ مُبَاشِرٍ عَبْرَ الْإِنْتِرْنِتِ؟,arabic_professional_male,6.64,24000,1,0.897979736328125,0.28733083605766296,0,0.10686495983935743,Yes,,,train
179,clip_000179.wav,هَلْ تُرِيدُ أَنْ أُلَخِّصَ لَكَ أَحْكَامَ سُجُودِ السَّهْوِ فِي الصَّلَاةِ فِي نِقَاطٍ مَقْرُوءَةٍ وَوَاضِحَةٍ عَلَى شَاشَةِ هَاتِفِكَ؟,arabic_professional_male,8.0,24000,1,0.909759521484375,0.2728680372238159,0,0.15348958333333335,Yes,,,train
205,clip_000205.wav,يَرْجَى مُلَاحَظَةُ أَنَّ حَرْفَ الضَّادِ هُوَ الْأَصْعَبُ نُطْقًا وَيَخْتَصُّ بِهِ الْعَرَبُ فَقَطْ، لِذَا تُسَمَّى لُغَتُنَا بِلُغَةِ الضَّادِ.,arabic_professional_male,9.28,24000,1,0.914520263671875,0.28596118092536926,0,0.18072916666666666,Yes,,,train
113,clip_000113.wav,يَرْجَى مَنْحِي صَلَاحِيَّةَ الْوُصُولِ إِلَى الْمِيكْرُوفُونِ لِأَتَمَكَّنَ مِنِ اسْتِمَاعِ وَتَحْلِيلِ تِلَاوَتِكَ.,arabic_professional_male,6.96,24000,1,0.91680908203125,0.2800016701221466,0,0.1614104406130268,Yes,,,train
121,clip_000121.wav,يَا لَكَ مِنْ بَطَلٍ ذَكِيٍّ! الْإِجَابَةُ صَحِيحَةٌ تَمَامًا، إِنَّهُ سَيِّدُنَا إِبْرَاهِيمُ عَلَيْهِ السَّلَامُ.,arabic_professional_male,7.44,24000,1,0.91046142578125,0.28274860978126526,0,0.19704301075268818,Yes,,,train
78,clip_000078.wav,تَمَّ ضَبْطُ مَوْقِعِكَ الْحَالِيِّ عَلَى مَدِينَةِ الرِّيَاضِ، سَيَتِمُّ حِسَابُ مَوَاقِيتِ الصَّلَاةِ بِنَاءً عَلَى ذَلِكَ.,arabic_professional_male,7.84,24000,1,0.9114990234375,0.28847256302833557,0,0.15633503401360543,Yes,,,train
184,clip_000184.wav,الضِّيقُ الَّذِي تَشْعُرُ بِهِ هُوَ ابْتِلَاءٌ، وَالْمُؤْمِنُ يُؤْجَرُ عَلَى كُلِّ شَوْكَةٍ يُشَاكُهَا كَمَا أَخْبَرَنَا النَّبِيُّ، فَاصْبِرْ وَاحْتَسِبْ الْأَجْرَ.,arabic_professional_male,11.28,24000,1,0.999969482421875,0.2454046607017517,0,0.2508015661938534,Yes,,,train
312,clip_000312.wav,الْإِجَابَةُ هِيَ: ذُو النُّورَيْنِ هُوَ لَقَبُ الْخَلِيفَةِ الثَّالِثِ عُثْمَانَ بْنِ عَفَّانَ رَضِيَ اللَّهُ عَنْهُ، لِأَنَّهُ تَزَوَّجَ ابْنَتَيْ رَسُولِ اللَّهِ، رُقَيَّةَ ثُمَّ أُمَّ كُلْثُومٍ.,arabic_professional_male,13.52,24000,1,0.9248046875,0.27450448274612427,0,0.24158653846153846,Yes,,,train
12,clip_000012.wav,تَقَبَّلَ اللَّهُ صَلَاتَكُمْ. لَا تَنْسَوْا قِرَاءَةَ أَذْكَارِ مَا بَعْدَ الصَّلَاةِ.,arabic_professional_male,6.16,24000,1,0.900421142578125,0.24206268787384033,0,0.28526785714285713,Yes,,,train
77,clip_000077.wav,تَفْضِيلُ الصَّفِّ الْأَوَّلِ فِي الصَّلَاةِ لِلرِّجَالِ لَهُ فَضْلٌ عَظِيمٌ ثَبَتَ فِي عِدَّةِ أَحَادِيثَ صَحِيحَةٍ.,arabic_professional_male,7.76,24000,1,0.900634765625,0.2759271562099457,0,0.18252255154639174,Yes,,,train
89,clip_000089.wav,لَدَيْكَ خَطَأٌ بَسِيطٌ فِي مَخْرَجِ حَرْفِ الضَّادِ، لِنَسْتَمِعْ لِلنُّطْقِ الصَّحِيحِ مِنَ الشَّيْخِ الْحُصَرِيِّ.,arabic_professional_male,7.2,24000,1,0.919097900390625,0.2629459500312805,0,0.1803935185185185,Yes,,,train
309,clip_000309.wav,بِنَاءً عَلَى مَا وَرَدَ فِي السِّيرَةِ، غَزْوَةُ الْخَنْدَقِ تُسَمَّى أَيْضًا بِغَزْوَةِ الْأَحْزَابِ، وَفِيهَا حَفَرَ الْمُسْلِمُونَ خَنْدَقًا حَوْلَ الْمَدِينَةِ بِإِشَارَةٍ مِنْ سَلْمَانَ الْفَارِسِيِّ.,arabic_professional_male,13.2,24000,1,0.942657470703125,0.2684999406337738,0,0.2403787878787879,Yes,,,train
294,clip_000294.wav,أَعْلَمُ أَنَّ الْحِفْظَ قَدْ يَبْدُو صَعْبًا فِي الْبِدَايَةِ، قَسِّمِ الصَّفْحَةَ إِلَى ثَلَاثَةِ أَقْسَامٍ، وَكَرِّرْ كُلَّ قِسْمٍ عَشْرَ مَرَّاتٍ حَتَّى يَرْسَخَ.,arabic_professional_male,10.8,24000,1,0.90325927734375,0.24396371841430664,0,0.246195987654321,Yes,,,train
76,clip_000076.wav,تِلْكَ الْآيَةُ تُذَكِّرُنَا بِأَهَمِّيَّةِ الِاسْتِغْفَارِ حَتَّى فِي أَوْقَاتِ الِانْتِصَارِ وَالنَّجَاحِ.,arabic_professional_male,6.32,24000,1,0.9415283203125,0.2609052360057831,0,0.16842695147679324,Yes,,,train
216,clip_000216.wav,التَّفْسِيرُ الْمَوْضُوعِيُّ لِلْقُرْآنِ يَهْتَمُّ بِجَمْعِ الْآيَاتِ الَّتِي تَتَحَدَّثُ عَنْ قَضِيَّةٍ وَاحِدَةٍ وَدِرَاسَتِهَا مَعًا.,arabic_professional_male,7.76,24000,1,0.913787841796875,0.27893105149269104,0,0.14075386597938144,Yes,,,train
298,clip_000298.wav,أَنَا مُبَرْمَجٌ لِأَحْتَرِمَ خُصُوصِيَّتَكَ الْكَامِلَةَ؛ لَا يَتِمُّ تَسْجِيلُ صَوْتِكَ إِلَّا بَعْدَ أَنْ تَنْطِقَ بِكَلِمَةِ التَّفْعِيلِ: يَا مُسْلِمُ.,arabic_professional_male,10.64,24000,1,0.923797607421875,0.26250535249710083,0,0.21874608395989975,Yes,,,train
129,clip_000129.wav,مَا شَاءَ اللَّهُ! صَوْتُكَ جَمِيلٌ جِدًّا فِي تِلَاوَةِ الْقُرْآنِ، اسْتَمِرَّ فِي التَّدَرُّبِ كُلَّ يَوْمٍ يَا بَطَلُ!,arabic_professional_male,7.52,24000,1,0.895721435546875,0.2846658229827881,0,0.21909906914893618,Yes,,,train
237,clip_000237.wav,أَشْعُرُ بِأَنَّكَ مُجْهَدٌ مِنَ الدِّرَاسَةِ. خُذْ اسْتِرَاحَةً لِمُدَّةِ عَشْرِ دَقَائِقَ، ثُمَّ قُلْ: اللَّهُمَّ لَا سَهْلَ إِلَّا مَا جَعَلْتَهُ سَهْلًا.,arabic_professional_male,10.72,24000,1,0.943572998046875,0.26888546347618103,0,0.19561955845771145,Yes,,,train
356,clip_000356.wav,بِالتَّأْكِيدِ، أَوَّلُ مَنْ أَسْلَمَ مِنَ الصِّبْيَانِ هُوَ عَلِيُّ بْنُ أَبِي طَالِبٍ، وَكَانَ يَعِيشُ فِي بَيْتِ النَّبِيِّ وَيَكْفُلُهُ صَلَّى اللَّهُ عَلَيْهِ وَسَلَّمَ مُنْذُ صِغَرِهِ.,arabic_professional_male,11.2,24000,1,0.87567138671875,0.27049118280410767,0,0.18023065476190475,Yes,,,train
277,clip_000277.wav,إِذَا أَرَدْتَ إِيقَافَ كُلِّ التَّنْبِيهَاتِ خِلَالَ وَقْتِ اجْتِمَاعِكَ، فَعِّلْ خَاصِّيَّةَ «الِانْشِغَالِ» وَسَأُؤَجِّلُ إِشْعَارَاتِ الْأَذَانِ الشَّاشِيَّةَ.,arabic_professional_male,9.76,24000,1,0.91131591796875,0.268753319978714,0,0.18513917349726777,Yes,,,train
139,clip_000139.wav,لَا تَنْسَ يَا صَدِيقِي الصَّغِيرَ أَنْ تَدْعُوَ لِأَصْدِقَائِكَ الْمَرْضَى بِالشِّفَاءِ الْعَاجِلِ، فَاللَّهُ يُحِبُّ الدُّعَاءَ.,arabic_professional_male,8.72,24000,1,0.898223876953125,0.24233272671699524,0,0.23163704128440368,Yes,,,train
86,clip_000086.wav,مِنْ أَدَبِ الدُّعَاءِ أَنْ يَبْدَأَ الْمُسْلِمُ بِحَمْدِ اللَّهِ وَالثَّنَاءِ عَلَيْهِ ثُمَّ الصَّلَاةِ عَلَى النَّبِيِّ.,arabic_professional_male,7.28,24000,1,0.945220947265625,0.270050972700119,0,0.24041895604395605,Yes,,,train
112,clip_000112.wav,أَعْتَذِرُ عَنِ التَّأَخُّرِ فِي الرَّدِّ، كَانَ هُنَاكَ ضَغْطٌ طَفِيفٌ عَلَى الْخَوَادِمِ الشَّبَكِيَّةِ لَدَيْنَا.,arabic_professional_male,6.88,24000,1,0.91473388671875,0.2738261818885803,0,0.2010295542635659,Yes,,,train
412,clip_000412.wav,دُعَاءُ لُبْسِ الثَّوْبِ هُوَ: الْحَمْدُ لِلَّهِ الَّذِي كَسَانِي هَذَا الثَّوْبَ وَرَزَقَنِيهِ مِنْ غَيْرِ حَوْلٍ مِنِّي وَلَا قُوَّةٍ.,arabic_professional_male,9.6,24000,1,0.920623779296875,0.30158716440200806,0,0.22006944444444446,Yes,,,train
45,clip_000045.wav,حَسَنًا، اخْتَرْتَ مُسْتَوَى الْمُبْتَدِئِينَ فِي تَعَلُّمِ التَّجْوِيدِ. لِنَبْدَأْ بِأَحْكَامِ النُّونِ السَّاكِنَةِ وَالتَّنْوِينِ.,arabic_professional_male,8.96,24000,1,0.94610595703125,0.2559906542301178,0,0.27118675595238095,Yes,,,train
164,clip_000164.wav,حَدِيثُ «إِنَّمَا الْأَعْمَالُ بِالنِّيَّاتِ» هُوَ ثُلُثُ عِلْمِ الْإِسْلَامِ كَمَا يَقُولُ الْإِمَامُ الشَّافِعِيُّ، لِأَهَمِّيَّتِهِ الْقُصْوَى فِي قَبُولِ الْأَعْمَالِ.,arabic_professional_male,10.64,24000,1,0.907073974609375,0.27215027809143066,0,0.22359022556390978,Yes,,,train
24,clip_000024.wav,هَذِهِ الْكَلِمَةُ تُقْرَأُ بِالتَّفْخِيمِ وَلَيْسَ بِالتَّرْقِيقِ، حَاوِلْ نُطْقَهَا مَرَّةً أُخْرَى مِنْ فَضْلِكَ.,arabic_professional_male,7.36,24000,1,0.9068603515625,0.26510533690452576,0,0.2534816576086957,Yes,,,train
357,clip_000357.wav,إِجَابَةً عَلَى سُؤَالِكَ؛ الْمُهَاجِرُونَ هُمُ الَّذِينَ تَرَكُوا دِيَارَهُمْ وَأَمْوَالَهُمْ بِمَكَّةَ وِهَاجَرُوا لِلْمَدِينَةِ، أَمَّا الْأَنْصَارُ فَهُمْ أَهْلُ الْمَدِينَةِ الَّذِينَ نَصَرُوهُمْ وَآوَوْهُمْ.,arabic_professional_male,14.24,24000,1,0.917877197265625,0.2835361659526825,0,0.23278616573033709,Yes,,,train
276,clip_000276.wav,سَكْتَةٌ لَطِيفَةٌ بِمِقْدَارِ حَرَكَتَيْنِ دُونَ أَخْذِ نَفَسٍ جَدِيدٍ؛ هَذَا هُوَ التَّطْبِيقُ الصَّحِيحُ لِلسَّكْتِ عِنْدَ قَوْلِهِ تَعَالَى «كَلَّا بَلْ رَانَ».,arabic_professional_male,12.0,24000,1,0.91387939453125,0.24123847484588623,0,0.248625,Yes,,,train
178,clip_000178.wav,هَذَا السُّؤَالُ يَتَعَلَّقُ بِعَقِيدَةِ الْقَضَاءِ وَالْقَدَرِ، وَهِيَ عَقِيدَةٌ مَبْنِيَّةٌ كُلِّيًّا عَلَى عِلْمِ اللَّهِ السَّابِقِ لِلْأَشْيَاءِ وَعَدْلِهِ الْمُطْلَقِ.,arabic_professional_male,9.76,24000,1,0.95245361328125,0.28308695554733276,0,0.18165983606557376,Yes,,,train
102,clip_000102.wav,لَقَدْ تَمَّ تَحْدِيثُ النِّظَامِ بِنَجَاحٍ. هُنَاكَ مِيزَاتٌ جَدِيدَةٌ فِي قِسْمِ التَّفْسِيرِ يُمْكِنُكَ تَجْرِبَتُهَا الْآنَ.,arabic_professional_male,8.96,24000,1,0.89697265625,0.27597564458847046,0,0.2517578125,Yes,,,train
258,clip_000258.wav,الْمُعَامَلَاتُ الْمَالِيَّةُ الرَّقْمِيَّةُ الْحَدِيثَةُ مِثْلَ الْعُمْلَاتِ الْمُشَفَّرَةِ تَحْتَاجُ إِلَى دِرَاسَةٍ فِقْهِيَّةٍ عَمِيقَةٍ، وَالْمَجَامِعُ الْفِقْهِيَّةُ لَهَا فَتَاوَى مُفَصَّلَةٌ فِيهَا.,arabic_professional_male,12.48,24000,1,0.87017822265625,0.2639766037464142,0,0.1694110576923077,Yes,,,train
344,clip_000344.wav,الْإِخْلَاصُ فِي الْعَمَلِ يَعْنِي أَنْ يَكُونَ قَصْدُ الْمُسْلِمِ مِنْ عَمَلِهِ هُوَ رِضَا اللَّهِ تَعَالَى وَحْدَهُ، دُونَ طَلَبِ الثَّنَاءِ أَوِ السُّمْعَةِ بَيْنَ النَّاسِ.,arabic_professional_male,10.0,24000,1,0.879974365234375,0.27673694491386414,0,0.1675,Yes,,,train
186,clip_000186.wav,أَحْيَانًا يَكُونُ الْبُكَاءُ خَشْيَةً مِنَ اللَّهِ هُوَ الدَّوَاءُ لِلرُّوحِ. تَقَرَّبْ إِلَيْهِ بِرَكْعَتَيْنِ فِي هَذَا اللَّيْلِ الْهَادِئِ لِتَرْتَاحَ نَفْسُكَ.,arabic_professional_male,11.04,24000,1,0.909423828125,0.26040321588516235,0,0.2475354770531401,Yes,,,train
252,clip_000252.wav,الْقِرَاءَاتُ الْقُرْآنِيَّةُ الْمُتَوَاتِرَةُ هِيَ عَشْرُ قِرَاءَاتٍ، أَشْهَرُهَا فِي الْعَالَمِ الْإِسْلَامِيِّ الْيَوْمَ هِيَ قِرَاءَةُ حَفْصٍ عَنْ عَاصِمٍ.,arabic_professional_male,9.12,24000,1,0.8988037109375,0.26824480295181274,0,0.19283625730994153,Yes,,,train
181,clip_000181.wav,دَعْنَا نَدْعُو بِهَذَا: اللَّهُمَّ إِنِّي أَعُوذُ بِكَ مِنَ الْهَمِّ وَالْحَزَنِ، وَأَعُوذُ بِكَ مِنَ الْعَجْزِ وَالْكَسَلِ، وَأَعُوذُ بِكَ مِنَ الْجُبْنِ وَالْبُخْلِ.,arabic_professional_male,11.12,24000,1,0.916290283203125,0.28035515546798706,0,0.18675434652278178,Yes,,,train
253,clip_000253.wav,أَهْلُ الْمَغْرِبِ الْعَرَبِيِّ يَشْتَهِرُونَ بِقِرَاءَةِ الْقُرْآنِ بِرِوَايَةِ وَرْشٍ عَنْ نَافِعٍ، وَهِيَ رِوَايَةٌ لَهَا أَحْكَامٌ صَوْتِيَّةٌ خَاصَّةٌ وَجَمِيلَةٌ.,arabic_professional_male,11.36,24000,1,0.92132568359375,0.3003932535648346,0,0.16354166666666667,Yes,,,train
147,clip_000147.wav,هَلْ قُمْتَ بِإِخْرَاجِ صَدَقَةِ هَذَا الشَّهْرِ؟ ذَكِّرْ نَفْسَكَ بِهَا، فَالصَّدَقَةُ تُطْفِئُ غَضَبَ الرَّبِّ كَمَا وَرَدَ فِي الْحَدِيثِ.,arabic_professional_male,9.36,24000,1,0.967529296875,0.2567793130874634,0,0.27313479344729347,Yes,,,train
255,clip_000255.wav,فِي عِلْمِ الْفَرَائِضِ، لِلْبِنْتِ الْوَاحِدَةِ نِصْفُ التَّرِكَةِ إِذَا لَمْ يَكُنْ مَعَهَا أَخٌ يُعَصِّبُهَا، كَمَا نَصَّتْ آيَاتُ الْمَوَارِيثِ فِي سُورَةِ النِّسَاءِ.,arabic_professional_male,10.48,24000,1,0.9132080078125,0.2667178213596344,0,0.21948950381679388,Yes,,,train
9,clip_000009.wav,بِنَاءً عَلَى فَتَاوَى عُلَمَاءِ الْمُسْلِمِينَ الثِّقَاتِ، فَإِنَّ الْحُكْمَ الشَّرْعِيَّ لِهَذِهِ الْمَسْأَلَةِ هُوَ الْجَوَازُ.,arabic_professional_male,7.52,24000,1,0.9241943359375,0.2936640679836273,0,0.16926529255319148,Yes,,,train
410,clip_000410.wav,لِنَبْدَأْ بِأَذْكَارِ الصَّبَاحِ مَعًا. رَدِّدْ خَلْفِي: أَصْبَحْنَا وَأَصْبَحَ الْمُلْكُ لِلَّهِ، وَالْحَمْدُ لِلَّهِ.,arabic_professional_male,9.2,24000,1,0.89031982421875,0.2441803216934204,0,0.28132699275362316,Yes,,,train
152,clip_000152.wav,نَحْنُ الْآنَ فِي وَقْتِ السَّحَرِ، وَهُوَ وَقْتٌ مُسْتَجَابٌ فِيهِ الدُّعَاءُ. أَوْتِرْ إِنْ كُنْتَ مُسْتَيْقِظًا، أَوْ نَمْ فِي حِفْظِ اللَّهِ.,arabic_professional_male,10.88,24000,1,0.9022216796875,0.24054674804210663,0,0.28902420343137253,Yes,,,train
406,clip_000406.wav,هَلْ يُمْكِنُكَ إِعَادَةُ سُؤَالِكَ بِصِيَغَةٍ أُخْرَى؟,arabic_professional_male,3.44,24000,1,0.927520751953125,0.283186137676239,0,0.11939195736434109,Yes,,,train
170,clip_000170.wav,إِطْعَامُ السِّتِّينَ مِسْكِينًا كَكَفَّارَةٍ شَرْعِيَّةٍ يَكُونُ بِمِقْدَارِ نِصْفِ صَاعٍ مِنْ غَالِبِ قُوتِ أَهْلِ الْبَلَدِ لِكُلِّ مِسْكِينٍ.,arabic_professional_male,9.92,24000,1,0.895843505859375,0.28651028871536255,0,0.19064600134408602,Yes,,,train
384,clip_000384.wav,الِاسْتِسْقَاءُ هُوَ صَلَاةٌ يُصَلِّيهَا الْمُسْلِمُونَ عِنْدَ تَأَخُّرِ نُزُولِ الْمَطَرِ، يَخْرُجُونَ فِيهَا مُتَذَلِّلِينَ يَدْعُونَ اللَّهَ أَنْ يُغِيثَهُمْ، فَيُصَلِّيهَا الْإِمَامُ بِهِمْ رَكْعَتَيْنِ وَيَخْطُبُ.,arabic_professional_male,14.8,24000,1,0.91522216796875,0.2870050370693207,0,0.21958614864864864,Yes,,,train
238,clip_000238.wav,الشُّعُورُ بِالْفُتُورِ بَعْدَ الطَّاعَةِ أَمْرٌ طَبِيعِيٌّ يَمُرُّ بِهِ كُلُّ مُؤْمِنٍ، الْمُهِمُّ أَلَّا تَتْرُكَ الْفَرَائِضَ الْأَسَاسِيَّةَ مُطْلَقًا.,arabic_professional_male,9.2,24000,1,0.917083740234375,0.2851192355155945,0,0.19039855072463768,Yes,,,train
204,clip_000204.wav,بَاتَ ظَبْيٌ شُجَاعٌ يَطْوِي فَخًّا مُخِيفًا، وَقَرَأَ عَهْدَ ذِئْبٍ لَحْظَةَ زَوَالِ شَمْسٍ. هَذِهِ جُمْلَةٌ نَادِرَةٌ تَحْتَوِي عَلَى جَمِيعِ الْأَبْجَدِيَّةِ الْعَرَبِيَّةِ!,arabic_professional_male,12.56,24000,1,0.923919677734375,0.2835208475589752,0,0.21647093949044585,Yes,,,train
109,clip_000109.wav,يُمْكِنُكَ رَبْطُ حِسَابِكَ بِالْهَاتِفِ الْمَحْمُولِ لِتَلَقِّي إِشْعَارَاتِ الصَّلَاةِ مُبَاشَرَةً عَلَى شَاشَتِكَ.,arabic_professional_male,6.96,24000,1,0.916229248046875,0.2886069416999817,0,0.1999161877394636,Yes,,,train
13,clip_000013.wav,هَلْ تَرْغَبُ فِي أَنْ نُرَدِّدَ أَذْكَارَ الصَّبَاحِ مَعًا؟,arabic_professional_male,3.36,24000,1,0.92218017578125,0.30869367718696594,0,0.09897073412698412,Yes,,,train
227,clip_000227.wav,الطَّائِرُ الَّذِي كَانَ يَنْقُلُ رَسَائِلَ نَبِيِّ اللَّهِ سُلَيْمَانَ إِلَى مَلِكَةِ سَبَأٍ هُوَ الْهُدْهُدُ، وَهُوَ طَائِرٌ جَمِيلٌ جِدًّا.,arabic_professional_male,9.36,24000,1,0.950408935546875,0.27941301465034485,0,0.18361823361823362,Yes,,,train
346,clip_000346.wav,أُوَضِّحُ لَكَ أَنَّ صِيَامَ يَوْمِ الشَّكِّ، وَهُوَ الْيَوْمُ الثَّلَاثُونَ مِنْ شَعْبَانَ، مَنْهِيٌّ عَنْهُ شَرْعًا إِلَّا لِمَنْ كَانَ لَهُ عَادَةٌ فِي الصِّيَامِ كَصِيَامِ الِاثْنَيْنِ أَوِ الْخَمِيسِ.,arabic_professional_male,12.72,24000,1,0.903717041015625,0.30044201016426086,0,0.1833791928721174,Yes,,,train
81,clip_000081.wav,يَا صَدِيقِي، دَائِمًا نَقُولُ إِنْ شَاءَ اللَّهُ عِنْدَمَا نَعْزِمُ عَلَى فِعْلِ شَيْءٍ فِي الْمُسْتَقْبَلِ.,arabic_professional_male,6.56,24000,1,0.890411376953125,0.2909325659275055,0,0.23031631097560976,Yes,,,train
338,clip_000338.wav,النِّصَابُ فِي زَكَاةِ الْمَالِ هُوَ الْحَدُّ الْأَدْنَى الَّذِي إِذَا بَلَغَهُ مَالُ الْمُسْلِمِ وَمَرَّ عَلَيْهِ عَامٌ هِجْرِيٌّ كَامِلٌ، وَجَبَ عَلَيْهِ إِخْرَاجُ اثْنَيْنِ وَنِصْفٍ بِالْمِائَةِ مِنْهُ.,arabic_professional_male,12.72,24000,1,0.94769287109375,0.2731158137321472,0,0.13860390461215932,Yes,,,train
8,clip_000008.wav,هَذَا حَدِيثٌ صَحِيحٌ، رَوَاهُ الْبُخَارِيُّ وَمُسْلِمٌ فِي صَحِيحَيْهِمَا.,arabic_professional_male,5.2,24000,1,0.8984375,0.2476443201303482,0,0.19888621794871794,Yes,,,train
436,clip_000436.wav,يَجِبُ غَسْلُ الْجُمُعَةِ عَلَى كُلِّ مُحْتَلِمٍ، وَيُسْتَحَبُّ لَهُ التَّطَيُّبُ وَلُبْسُ أَحْسَنِ الثِّيَابِ احْتِفَالًا بِهَذَا الْيَوْمِ الْمُبَارَكِ.,arabic_professional_male,10.16,24000,1,0.927947998046875,0.2812266945838928,0,0.1975680774278215,Yes,,,train
305,clip_000305.wav,رَدًّا عَلَى اسْتِفْسَارِكَ؛ نَوَاقِضُ الْوُضُوءِ تَشْمَلُ النَّوْمَ الْعَمِيقَ، وَخُرُوجَ شَيْءٍ مِنَ السَّبِيلَيْنِ، وَزَوَالَ الْعَقْلِ بِإِغْمَاءٍ أَوْ سُكْرٍ.,arabic_professional_male,11.2,24000,1,0.903289794921875,0.2850266098976135,0,0.2504799107142857,Yes,,,train
125,clip_000125.wav,مُبَارَكٌ! لَقَدْ رَبِحْتَ وِسَامَ الصَّائِمِ الصَّغِيرِ لِهَذَا الْيَوْمِ! أَنَا فَخُورٌ بِكَ جِدًّا.,arabic_professional_male,7.12,24000,1,0.879608154296875,0.2584135830402374,0,0.25802317415730336,Yes,,,train
163,clip_000163.wav,سَبَبُ نُزُولِ قَوْلِهِ تَعَالَى «عَبَسَ وَتَوَلَّى» هُوَ مَجِيءُ الصَّحَابِيِّ الْجَلِيلِ عَبْدِ اللَّهِ بْنِ أُمِّ مَكْتُومٍ يَسْأَلُ النَّبِيَّ.,arabic_professional_male,9.76,24000,1,0.909210205078125,0.2807007133960724,0,0.21247438524590165,Yes,,,train
408,clip_000408.wav,كَلَّا، هَذَا غَيْرُ مُمْكِنٍ حَالِيًّا.,arabic_professional_male,3.6,24000,1,0.873046875,0.2555687725543976,0,0.2657638888888889,Yes,,,train
192,clip_000192.wav,دَعْنَا نُخَصِّصْ دَقِيقَةً وَاحِدَةً فَقَطْ لِلصَّلَاةِ عَلَى النَّبِيِّ صَلَّى اللَّهُ عَلَيْهِ وَسَلَّمَ بِنِيَّةِ قَضَاءِ حَوَائِجِكَ الْمُسْتَعْصِيَةِ.,arabic_professional_male,9.84,24000,1,0.935333251953125,0.3037331700325012,0,0.14564278455284552,Yes,,,train
11,clip_000011.wav,أَذَانُ صَلَاةِ الْمَغْرِبِ سَيُرْفَعُ بَعْدَ خَمْسِ دَقَائِقَ، هَلْ تُرِيدُ مِنِّي تَنْبِيهَكَ عِنْدَ دُخُولِ الْوَقْتِ؟,arabic_professional_male,7.36,24000,1,0.89373779296875,0.259551078081131,0,0.2359884510869565,Yes,,,train
135,clip_000135.wav,هَلْ قَبَّلْتَ رَأْسَ أُمِّكَ وَأَبِيكَ الْيَوْمَ؟ تَبَسَّمْ لَهُمَا دَائِمًا لِتَنَالَ رِضَا اللَّهِ عَزَّ وَجَلَّ.,arabic_professional_male,7.28,24000,1,0.9200439453125,0.25749316811561584,0,0.21108630952380952,Yes,,,train
418,clip_000418.wav,لَقَدْ حَانَ وَقْتُ النَّوْمِ. هَلْ قَرَأْتَ آيَةَ الْكُرْسِيِّ وَسُورَةَ الْمُلْكِ؟ أَنَا أُذَكِّرُكَ بِهِمَا دَائِمًا حُبًّا لَكَ فِي اللَّهِ.,arabic_professional_male,10.88,24000,1,0.908233642578125,0.23292356729507446,0,0.27102864583333336,Yes,,,train
37,clip_000037.wav,كَلِمَةُ الصَّمَدِ فِي سُورَةِ الْإِخْلَاصِ تَعْنِي السَّيِّدَ الَّذِي يَلْجَأُ إِلَيْهِ الْخَلَائِقُ فِي حَوَائِجِهِمْ.,arabic_professional_male,7.68,24000,1,0.9307861328125,0.26660725474357605,0,0.17459309895833333,Yes,,,train
70,clip_000070.wav,لِسُهُولَةِ الْبَحْثِ، يُمْكِنُكَ تَحْدِيدُ رَقْمِ الْجُزْءِ أَوِ الْحِزْبِ الَّذِي تُرِيدُ قِرَاءَتَهُ.,arabic_professional_male,6.32,24000,1,0.881011962890625,0.2571812868118286,0,0.21201213080168776,Yes,,,train
274,clip_000274.wav,حَرْفُ الْغَيْنِ يُنْطَقُ مِنْ أَدْنَى الْحَلْقِ، حَاوِلْ مَعِي أَنْ تُخْرِجَهُ بِصُوتٍ صَافٍ دُونَ أَنْ تَشُوبَهُ خَرْخَشَةٌ زَائِدَةٌ.,arabic_professional_male,8.24,24000,1,0.922637939453125,0.2841036319732666,0,0.1553903721682848,Yes,,,train
438,clip_000438.wav,التَّأْمِينُ خَلْفَ الْإِمَامِ، أَيْ قَوْلُ آمِينَ بَعْدَ الْفَاتِحَةِ، سُنَّةٌ مُؤَكَّدَةٌ، فَمَنْ وَافَقَ تَأْمِينُهُ تَأْمِينَ الْمَلَائِكَةِ غُفِرَ لَهُ.,arabic_professional_male,10.96,24000,1,0.92803955078125,0.2607026994228363,0,0.24775699513381996,Yes,,,train
385,clip_000385.wav,رَدًّا عَلَى سُؤَالِكَ عَنِ التَّبَرُّجِ؛ هُوَ إِظْهَارُ الْمَرْأَةِ زِينَتَهَا وَمَحَاسِنَهَا لِلرِّجَالِ الْأَجَانِبِ فِي الْأَمَاكِنِ الْعَامَّةِ، وَهُوَ مَنْهِيٌّ عَنْهُ شَرْعًا لِحِفْظِ الْمُجْتَمَعِ.,arabic_professional_male,12.4,24000,1,0.90924072265625,0.28586506843566895,0,0.16481182795698926,Yes,,,train
360,clip_000360.wav,أَنْتَ تَسْأَلُ عَنْ يَأْجُوجَ وَمَأْجُوجَ؛ هُمْ قَوْمٌ مُفْسِدُونَ فِي الْأَرْضِ، بَنَى ذُو الْقَرْنَيْنِ سَدًّا لِحَجْزِهِمْ، وَخُرُوجُهُمْ يُعَدُّ مِنْ عَلَامَاتِ السَّاعَةِ الْكُبْرَى.,arabic_professional_male,12.08,24000,1,0.92431640625,0.28337734937667847,0,0.20145557395143487,Yes,,,train
432,clip_000432.wav,التَّيَمُّمُ رُخْصَةٌ مِنَ اللَّهِ عِنْدَ انْعِدَامِ الْمَاءِ أَوْ عَدَمِ الْقُدْرَةِ عَلَى اسْتِخْدَامِهِ بِسَبَبِ الْمَرَضِ، وَالدِّينُ يُسْرٌ.,arabic_professional_male,9.2,24000,1,0.886383056640625,0.27118781208992004,0,0.2321286231884058,Yes,,,train
173,clip_000173.wav,مَقَاصِدُ الشَّرِيعَةِ الْإِسْلَامِيَّةِ الْخَمْسَةُ هِيَ حِفْظُ الدِّينِ أَوَّلًا، ثُمَّ النَّفْسِ، وَالْعَقْلِ، وَالنَّسْلِ، وَالْمَالِ فِي النِّهَايَةِ.,arabic_professional_male,10.08,24000,1,0.893341064453125,0.2606409192085266,0,0.25924272486772487,Yes,,,train
428,clip_000428.wav,إِذَا تَعَسَّرَتْ عَلَيْكَ الْأُمُورُ، فَأَكْثِرْ مِنْ قَوْلِ: لَا حَوْلَ وَلَا قُوَّةَ إِلَّا بِاللَّهِ، فَإِنَّهَا كَنْزٌ مِنْ كُنُوزِ الْجَنَّةِ.,arabic_professional_male,10.8,24000,1,0.990020751953125,0.28043854236602783,0,0.219741512345679,Yes,,,train
203,clip_000203.wav,لِحِفْظِ حُرُوفِ الْإِظْهَارِ الْحَلْقِيِّ بِسُهُولَةٍ، تَذَكَّرْ أَوَائِلَ كَلِمَاتِ: أَخِي هَاكَ عِلْمًا حَازَهُ غَيْرُ خَاسِرٍ.,arabic_professional_male,8.88,24000,1,0.906768798828125,0.2791345417499542,0,0.2203265765765766,Yes,,,train
269,clip_000269.wav,لِطِبَاعَةِ هَذَا الْوِرْدِ الْيَوْمِيِّ عَلَى الطَّابِعَةِ الْمُتَّصِلَةِ بِالشَّبَكَةِ، قُلْ فَقَطْ: اِطْبَعِ الْوِرْدَ.,arabic_professional_male,7.36,24000,1,0.9010009765625,0.24947379529476166,0,0.2717504528985507,Yes,,,train
199,clip_000199.wav,عَسَى أَنْ تَكْرَهُوا شَيْئًا وَهُوَ خَيْرٌ لَكُمْ. ثِقْ بِتَدْبِيرِ اللَّهِ لِحَيَاتِكَ، فَهُوَ أَعْلَمُ مِنْكَ بِمَا يُصْلِحُ حَالَكَ فِي الدُّنْيَا وَالْآخِرَةِ.,arabic_professional_male,11.76,24000,1,0.922210693359375,0.2942701280117035,0,0.23284438775510205,Yes,,,train
116,clip_000116.wav,تَمَّ إِرْسَالُ رَمْزِ التَّأْكِيدِ إِلَى بَرِيدِكَ الْإِلِكْتُرُونِيِّ. يَرْجَى التَّحَقُّقُ مِنْهُ لِإِتْمَامِ التَّسْجِيلِ.,arabic_professional_male,7.28,24000,1,0.970672607421875,0.28688374161720276,0,0.22507440476190477,Yes,,,train
187,clip_000187.wav,أَلَا بِذِكْرِ اللَّهِ تَطْمَئِنُّ الْقُلُوبُ. سَأُشَغِّلُ لَكَ مَقْطَعًا صَوْتِيًّا لِتِلَاوَةٍ خَاشِعَةٍ هَادِئَةٍ تُسَاعِدُكَ عَلَى الِاسْتِرْخَاءِ النَّفْسِيِّ.,arabic_professional_male,11.28,24000,1,0.91070556640625,0.2719729542732239,0,0.22466385933806146,Yes,,,train
31,clip_000031.wav,تَمَّ تَفْعِيلُ وَضْعِ الطِّفْلِ. جَمِيعُ الْمُحْتَوَيَاتِ الْآنَ مُخَصَّصَةٌ وَآمِنَةٌ لِلْأَطْفَالِ.,arabic_professional_male,7.28,24000,1,0.983001708984375,0.28489914536476135,0,0.2164434523809524,Yes,,,train
414,clip_000414.wav,لِخُطْبَةِ الْجُمُعَةِ آدَابٌ، مِنْهَا الْإِنْصَاتُ التَّامُّ لِلْإِمَامِ، وَتَرْكُ الْكَلَامِ حَتَّى يَنْتَهِيَ، لِتَنَالَ الْأَجْرَ كَامِلًا.,arabic_professional_male,9.68,24000,1,0.92523193359375,0.2811282277107239,0,0.250017217630854,Yes,,,train
355,clip_000355.wav,رَدًّا عَلَى اسْتِفْسَارِكَ: خُطْبَةُ عَرَفَةَ تُقَامُ يَوْمَ التَّاسِعِ مِنْ ذِي الْحِجَّةِ، وَهِيَ رُكْنُ الْحَجِّ الْأَعْظَمِ، يُلْقِيهَا الْإِمَامُ فِي مَسْجِدِ نَمِرَةَ لِتَوْجِيهِ ضُيُوفِ الرَّحْمَنِ.,arabic_professional_male,12.96,24000,1,0.944305419921875,0.2849615812301636,0,0.21946373456790125,Yes,,,train
118,clip_000118.wav,هَلْ تُفَضِّلُ أَنْ أَتَحَدَّثَ بِإِيقَاعٍ أَبْطَأَ؟ قُلْ نَعَمْ لِتَفْعِيلِ سُرْعَةِ الْقِرَاءَةِ الْبَطِيئَةِ.,arabic_professional_male,7.44,24000,1,0.9227294921875,0.26886382699012756,0,0.2559083781362007,Yes,,,train
245,clip_000245.wav,يَا إِلَهِي، مُسْتَوَى الْبَطَّارِيَّةِ مُنْخَفِضٌ جِدًّا، يَبْلُغُ خَمْسَةً بِالْمِائَةِ فَقَطْ. يَرْجَى تَوْصِيلُ الْهَاتِفِ بِالشَّاحِنِ لِكَيْ لَا نَفْقِدَ الِاتِّصَالَ.,arabic_professional_male,11.36,24000,1,0.8951416015625,0.26572415232658386,0,0.205912558685446,Yes,,,train
103,clip_000103.wav,لِمَسْحِ سِجِلِّ الْبَحْثِ الْخَاصِّ بِكَ، فَقَطْ قُلْ: امْسَحْ سِجِلَّ مُحَادَثَاتِي.,arabic_professional_male,6.24,24000,1,0.91583251953125,0.2481713593006134,0,0.2631610576923077,Yes,,,train
387,clip_000387.wav,بِخُصُوصِ صَلَاةِ الْعِيدَيْنِ، هُمَا عِيدُ الْفِطْرِ بَعْدَ رَمَضَانَ، وَعِيدُ الْأَضْحَى بَعْدَ الْوُقُوفِ بِعَرَفَةَ، وَيُسَنُّ فِيهِمَا التَّكْبِيرُ وَصِلَةُ الْأَرْحَامِ وَإِظْهَارُ الْفَرَحِ.,arabic_professional_male,12.4,24000,1,0.91851806640625,0.2797609567642212,0,0.19616599462365591,Yes,,,train
240,clip_000240.wav,التَّفَاهُمُ هُوَ مِفْتَاحُ حَلِّ الْخِلَافَاتِ الزَّوْجِيَّةِ. أَنْصَحُكَ بِالْحِوَارِ الْهَادِئِ، وَتَذَكَّرْ قَوْلَهُ تَعَالَى: وَعَاشِرُوهُنَّ بِالْمَعْرُوفِ.,arabic_professional_male,12.0,24000,1,0.897125244140625,0.2696683704853058,0,0.2548784722222222,Yes,,,train
301,clip_000301.wav,بِالتَّأْكِيدِ، سَأُخْبِرُكَ. أَبُو بَكْرٍ الصِّدِّيقُ هُوَ أَوَّلُ الْخُلَفَاءِ الرَّاشِدِينَ، وَرَفِيقُ النَّبِيِّ مُحَمَّدٍ صَلَّى اللَّهُ عَلَيْهِ وَسَلَّمَ فِي الْهِجْرَةِ، وَأَحَبُّ الرِّجَالِ إِلَيْهِ.,arabic_professional_male,13.6,24000,1,0.96527099609375,0.2661307156085968,0,0.25925857843137257,Yes,,,train
57,clip_000057.wav,بِالتَّأْكِيدِ، سَأُرْسِلُ لَكَ نَصَّ هَذَا الدُّعَاءِ لِتَتَمَكَّنَ مِنْ قِرَاءَتِهِ بِنَفْسِكَ.,arabic_professional_male,6.08,24000,1,0.89434814453125,0.2583520710468292,0,0.22504797149122807,Yes,,,train
117,clip_000117.wav,الشَّاشَةُ الْحَالِيَّةُ تَعْرِضُ لَكَ اتِّجَاهَ الْقِبْلَةِ الدَّقِيقَ بِنَاءً عَلَى مَوْقِعِكَ الْجُغْرَافِيِّ حَالِيًّا.,arabic_professional_male,7.36,24000,1,0.90106201171875,0.25581905245780945,0,0.21183197463768116,Yes,,,train
194,clip_000194.wav,الدُّعَاءُ يُغَيِّرُ الْقَدَرَ، فَلَا تَبْخَلْ عَلَى نَفْسِكَ بِالرَّجَاءِ، فَاللَّهُ قَرِيبٌ يُجِيبُ دَعْوَةَ الدَّاعِ إِذَا دَعَاهُ بِيَقِينٍ.,arabic_professional_male,10.56,24000,1,0.93212890625,0.2502725124359131,0,0.28338857323232325,Yes,,,train
73,clip_000073.wav,أُقْتَرِحُ عَلَيْكَ الِاسْتِمَاعَ إِلَى رَادْيُو إِذَاعَةِ الْقُرْآنِ الْكَرِيمِ، إِنَّهُ مُفِيدٌ لِلْغَايَةِ طَوَالَ الْيَوْمِ.,arabic_professional_male,7.36,24000,1,0.917694091796875,0.2839042544364929,0,0.18345221920289856,Yes,,,train
226,clip_000226.wav,يَا صَدِيقِي، هَلْ تَعْلَمُ أَنَّ النَّمْلَةَ كَائِنٌ ذَكِيٌّ جِدًّا؟ لَقَدْ ذَكَرَهَا الْقُرْآنُ فِي سُورَةٍ كَامِلَةٍ سُمِّيَتْ بِاسْمِهَا.,arabic_professional_male,10.0,24000,1,0.90771484375,0.2691628038883209,0,0.2575208333333333,Yes,,,train
168,clip_000168.wav,الرِّبَا مُحَرَّمٌ قَطْعًا فِي النُّصُوصِ الشَّرْعِيَّةِ، هَلْ تَرْغَبُ فِي قِرَاءَةِ آيَاتِ تَحْرِيمِ الرِّبَا مِنْ خَوَاتِيمِ سُورَةِ الْبَقَرَةِ؟,arabic_professional_male,8.64,24000,1,0.921722412109375,0.2579209506511688,0,0.19723668981481482,Yes,,,train
166,clip_000166.wav,الْفَرْقُ بَيْنَ الْحَدِيثِ الْقُدْسِيِّ وَالنَّبَوِيِّ، أَنَّ الْقُدْسِيَّ لَفْظُهُ مِنَ النَّبِيِّ صَلَّى اللَّهُ عَلَيْهِ وَسَلَّمَ وَمَعْنَاهُ مِنَ اللَّهِ تَعَالَى مُبَاشَرَةً.,arabic_professional_male,10.08,24000,1,0.90716552734375,0.30196937918663025,0,0.17428075396825396,Yes,,,train
324,clip_000324.wav,يَسُرُّنِي أَنْ أُشَارِكَكَ هَذِهِ الْمَعْلُومَةَ. أَوَّلُ مَسْجِدٍ بُنِيَ فِي الْإِسْلَامِ هُوَ مَسْجِدُ قُبَاءٍ، وَقَدْ شَارَكَ النَّبِيُّ بِنَفْسِهِ فِي بِنَائِهِ حِينَ وَصَلَ مُهَاجِرًا لِلْمَدِينَةِ.,arabic_professional_male,14.24,24000,1,0.9168701171875,0.2704921066761017,0,0.2388313436329588,Yes,,,train
217,clip_000217.wav,أَخِي الْكَرِيمَ، لَا يَجُوزُ لِلْمُسْلِمِ أَنْ يَهْجُرَ أَخَاهُ فَوْقَ ثَلَاثِ لَيَالٍ، يَلْتَقِيَانِ فَيُعْرِضُ هَذَا وَيُعْرِضُ هَذَا، وَخَيْرُهُمَا الَّذِي يَبْدَأُ بِالسَّلَامِ.,arabic_professional_male,14.16,24000,1,0.923583984375,0.28813111782073975,0,0.22586217043314502,Yes,,,train
372,clip_000372.wav,إِجَابَةً عَلَى سُؤَالِكَ الْفِقْهِيِّ؛ طَهَارَةُ الثَّوْبِ وَالْبَدَنِ وَالْمَكَانِ مِنْ شُرُوطِ صِحَّةِ الصَّلَاةِ، فَإِذَا صَلَّى الشَّخْصُ بِنَجَاسَةٍ نَاسِيًا، فَصَلَاتُهُ صَحِيحَةٌ عِنْدَ بَعْضِ الْفُقَهَاءِ.,arabic_professional_male,14.48,24000,1,0.926025390625,0.25714629888534546,0,0.2270113950276243,Yes,,,train
236,clip_000236.wav,اسْتَيْقِظْ يَا صَاحِبِي! النَّجَاحُ يَنْتَظِرُكَ. ابْدَأْ يَوْمَكَ بِالْوُضُوءِ لِتَطْرُدَ كَسَلَ الشَّيْطَانِ عَنْكَ.,arabic_professional_male,9.12,24000,1,0.87200927734375,0.24680909514427185,0,0.2878289473684211,Yes,,,train
313,clip_000313.wav,فِيمَا يَتَعَلَّقُ بِسُؤَالِكَ عَنِ الزَّكَاةِ؛ مَصَارِفُ الزَّكَاةِ ثَمَانِيَةٌ ذَكَرَتْهَا سُورَةُ التَّوْبَةِ، وَمِنْهُمْ الْفُقَرَاءُ، وَالْمَسَاكِينُ، وَالْعَامِلُونَ عَلَيْهَا، وَابْنُ السَّبِيلِ.,arabic_professional_male,13.68,24000,1,0.9510498046875,0.2779076099395752,0,0.2836348684210526,Yes,,,train
71,clip_000071.wav,هَذَا سُؤَالٌ عَمِيقٌ. اخْتَلَفَ الْفُقَهَاءُ فِي هَذِهِ الْمَسْأَلَةِ عَلَى قَوْلَيْنِ رَئِيسِيَّيْنِ. سَأَسْرُدُهُمَا لَكَ.,arabic_professional_male,8.16,24000,1,0.928680419921875,0.2788911461830139,0,0.25515216503267973,Yes,,,train
150,clip_000150.wav,لَقَدْ وَضَعْتُ هَاتِفَكَ عَلَى وَضْعِ «عَدَمِ الْإِزْعَاجِ» لِتَتَمَكَّنَ مِنَ الْخُشُوعِ أَثْنَاءَ الصَّلَاةِ بِدُونِ مُقَاطَعَةٍ.,arabic_professional_male,8.4,24000,1,0.920318603515625,0.2843771278858185,0,0.17075396825396824,Yes,,,train
190,clip_000190.wav,سُبْحَانَ الَّذِي يُسَبِّحُ الرَّعْدُ بِحَمْدِهِ وَالْمَلَائِكَةُ مِنْ خِيفَتِهِ. الدُّعَاءُ الْآنَ مُسْتَجَابٌ مَعَ هَذَا الْمَطَرِ، فَادْعُ بِمَا تَتَمَنَّى.,arabic_professional_male,11.2,24000,1,0.912994384765625,0.27258461713790894,0,0.2364360119047619,Yes,,,train
96,clip_000096.wav,صَلَّى اللَّهُ عَلَيْهِ وَسَلَّمَ. إِكْثَارُكَ مِنَ الصَّلَاةِ عَلَى النَّبِيِّ يَوْمَ الْجُمُعَةِ لَهُ أَجْرٌ عَظِيمٌ.,arabic_professional_male,7.6,24000,1,0.90667724609375,0.27715829014778137,0,0.18848684210526315,Yes,,,train
10,clip_000010.wav,مِنْ شُرُوطِ وُجُوبِ الزَّكَاةِ أَنْ يَبْلُغَ الْمَالُ النِّصَابَ الْمُحَدَّدَ شَرْعًا، وَأَنْ يَحُولَ عَلَيْهِ الْحَوْلُ.,arabic_professional_male,6.48,24000,1,0.912322998046875,0.29069122672080994,0,0.13585390946502057,Yes,,,train
234,clip_000234.wav,مِنْ مَحْظُورَاتِ الْإِحْرَامِ لِلرَّجُلِ لُبْسُ الْمَخِيطِ، وَتَغْطِيَةُ الرَّأْسِ بِمُلَاصِقٍ، وَتَقْلِيمُ الْأَظَافِرِ، وَالتَّطَيُّبُ.,arabic_professional_male,8.16,24000,1,0.906585693359375,0.2778263986110687,0,0.2509293300653595,Yes,,,train
307,clip_000307.wav,مَعْنَى كَلِمَةِ «الْكَوْثَرِ» الَّتِي سَأَلْتَ عَنْهَا، هُوَ النَّهْرُ الْعَظِيمُ فِي الْجَنَّةِ الَّذِي أَعْطَاهُ اللَّهُ سُبْحَانَهُ وَتَعَالَى لِنَبِيِّنَا مُحَمَّدٍ يَوْمَ الْقِيَامَةِ.,arabic_professional_male,10.56,24000,1,0.876129150390625,0.30803462862968445,0,0.13775647095959595,Yes,,,train
420,clip_000420.wav,أَشْعُرُ بِأَنَّكَ مُتَوَتِّرٌ يَا أَخِي. النَّبِيُّ صَلَّى اللَّهُ عَلَيْهِ وَسَلَّمَ أَوْصَى مَنْ غَضِبَ بِأَنْ يَتَوَضَّأَ لِيُطْفِئَ نَارَ الْغَضَبِ.,arabic_professional_male,9.6,24000,1,0.939117431640625,0.27340129017829895,0,0.22296440972222223,Yes,,,train
321,clip_000321.wav,يُعْتَبَرُ الرِّبَا مِنْ أَكْبَرِ الْكَبَائِرِ فِي الْإِسْلَامِ، لِأَنَّهُ يَسْتَغِلُّ حَاجَةَ الْفَقِيرِ، وَيُدَمِّرُ الِاقْتِصَادَ، لِذَلِكَ حَرَّمَهُ اللَّهُ تَحْرِيمًا قَاطِعًا فِي كِتَابِهِ.,arabic_professional_male,11.6,24000,1,0.9239501953125,0.28220582008361816,0,0.20370330459770114,Yes,,,train
23,clip_000023.wav,لَقَدْ تَمَّ إِضَافَةُ هَذَا الدُّعَاءِ إِلَى قَائِمَةِ الْمُفَضَّلَةِ لَدَيْكَ، يُمْكِنُكَ الْعَوْدَةُ إِلَيْهِ فِي أَيِّ وَقْتٍ.,arabic_professional_male,7.92,24000,1,0.884002685546875,0.2767699956893921,0,0.1922716750841751,Yes,,,train
1,clip_000001.wav,أَهْلًا بِكَ مُجَدَّدًا، أَتَمَنَّى أَنْ تَكُونَ بِيَوْمٍ مَلِيءٍ بِالْبَرَكَةِ. مَا الَّذِي تَوَدُّ الِاسْتِمَاعَ إِلَيْهِ؟,arabic_professional_male,7.68,24000,1,0.9127197265625,0.30297696590423584,0,0.23270941840277778,Yes,,,train
300,clip_000300.wav,سُؤَالٌ مُمْتَازٌ! النَّبِيُّ يُونُسُ عَلَيْهِ السَّلَامُ، وَيُلَقَّبُ بِذِي النُّونِ، هُوَ نَبِيٌّ أَرْسَلَهُ اللَّهُ إِلَى قَوْمِهِ فِي نِينَوَى بِالْعِرَاقِ، وَقِصَّتُهُ مَعَ الْحُوتِ مِنْ أَشْهَرِ قَصَصِ الْقُرْآنِ.,arabic_professional_male,14.32,24000,1,0.938568115234375,0.2906074821949005,0,0.1918703445065177,Yes,,,train
197,clip_000197.wav,هَلْ كُنْتَ تَعْلَمُ أَنَّ سُورَةَ الشَّرْحِ نَزَلَتْ خِصِّيصًا لِتُوَاسِيَ النَّبِيَّ فِي مِحْنَتِهِ؟ اقْرَأْهَا الْآنَ بِتَدَبُّرٍ لِتَرْتَاحَ رُوحُكَ.,arabic_professional_male,9.84,24000,1,0.950408935546875,0.2752130627632141,0,0.18478150406504065,Yes,,,train
289,clip_000289.wav,إِذَا أَرَدْتَ الِانْضِمَامَ إِلَى غُرْفَةِ الْمُحَادَثَةِ الصَّوْتِيَّةِ لِمُدَارَسَةِ الْفِقْهِ، قُلْ: أَدْخِلْنِي إِلَى الْغُرْفَةِ الْمَفْتُوحَةِ.,arabic_professional_male,8.8,24000,1,0.90283203125,0.2585983872413635,0,0.21947916666666667,Yes,,,train
161,clip_000161.wav,أَعْتَذِرُ، لَا يُمْكِنُنِي إِصْدَارُ فَتْوَى مُبَاشِرَةٍ فِي مَسَائِلِ الطَّلَاقِ أَوِ الْمَوَارِيثِ، أَنْصَحُكَ بِالِاتِّصَالِ بِمَرْكَزِ الْفَتْوَى الرَّسْمِيِّ فِي بَلَدِكَ.,arabic_professional_male,11.04,24000,1,0.937103271484375,0.2537788450717926,0,0.22535477053140096,Yes,,,train
285,clip_000285.wav,أَنْصَحُكَ بِقِرَاءَةِ كِتَابِ «الرَّحِيقِ الْمَخْتُومِ»، إِنَّهُ مِنْ أَرْوَعِ الْكُتُبِ الْمُعَاصِرَةِ الَّتِي سَرَدَتْ سِيرَةَ النَّبِيِّ الْمُصْطَفَى.,arabic_professional_male,8.72,24000,1,0.916534423828125,0.24658876657485962,0,0.21659977064220184,Yes,,,train
290,clip_000290.wav,عِنْدَمَا تَخْتِمُ الْقُرْآنَ الْكَرِيمَ، يُسْتَحَبُّ لَكَ أَنْ تَدْعُوَ لِأَنَّ لَكَ دَعْوَةً مُسْتَجَابَةً عِنْدَ كُلِّ خَتْمَةٍ، كَمَا رُوِيَ عَنِ السَّلَفِ.,arabic_professional_male,10.8,24000,1,0.90228271484375,0.2798757255077362,0,0.250733024691358,Yes,,,train
98,clip_000098.wav,لَا أَسْتَطِيعُ رَفْعَ الصَّوْتِ أَكْثَرَ مِنْ ذَلِكَ، هَذَا هُوَ الْحَدُّ الْأَقْصَى لِمُسْتَوَى الصَّوْتِ الْمُتَوَفِّرِ.,arabic_professional_male,7.36,24000,1,0.919647216796875,0.24867363274097443,0,0.21223392210144928,Yes,,,train
328,clip_000328.wav,سَأَلْتَ عَنْ مُعْجِزَةِ عِيسَى عَلَيْهِ السَّلَامُ؛ مِنْ مُعْجِزَاتِهِ أَنَّهُ يُبْرِئُ الْأَكْمَهَ وَالْأَبْرَصَ وَيُحْيِي الْمَوْتَى بِإِذْنِ اللَّهِ، كَمَا تَكَلَّمَ فِي الْمَهْدِ صَبِيًّا.,arabic_professional_male,11.52,24000,1,0.9122314453125,0.2782628536224365,0,0.21052517361111112,Yes,,,train
416,clip_000416.wav,تَمَّ إِضَافَةُ رَكْعَتَيِ الضُّحَى إِلَى سِجِلِّ طَاعَاتِكَ الْيَوْمِيِّ. بَارَكَ اللَّهُ فِي وَقْتِكَ وَعَمَلِكَ.,arabic_professional_male,6.96,24000,1,0.917449951171875,0.2782650589942932,0,0.19777298850574712,Yes,,,train
373,clip_000373.wav,سَأَلْتَ عَنْ أَسْمَاءِ اللَّهِ الْحُسْنَى؛ وَهِيَ تِسْعَةٌ وَتِسْعُونَ اسْمًا مَنْ أَحْصَاهَا دَخَلَ الْجَنَّةَ، وَإِحْصَاؤُهَا يَعْنِي حِفْظَهَا، وَفَهْمَ مَعَانِيهَا، وَالْعَمَلَ بِمُقْتَضَاهَا فِي حَيَاتِنَا.,arabic_professional_male,13.52,24000,1,0.9185791015625,0.27956268191337585,0,0.20034516765285995,Yes,,,train
36,clip_000036.wav,يَبْدُو أَنَّ وَقْتَ الْإِفْطَارِ قَدْ حَانَ فِي مَدِينَتِكَ. صَوْمًا مَقْبُولًا وَإِفْطَارًا شَهِيًّا.,arabic_professional_male,7.36,24000,1,0.9088134765625,0.2735879123210907,0,0.27046535326086957,Yes,,,train
132,clip_000132.wav,مَنْ هُوَ رَفِيقُ النَّبِيِّ فِي هِجْرَتِهِ إِلَى الْمَدِينَةِ؟ نَعَمْ، إِنَّهُ أَبُو بَكْرٍ الصِّدِّيقُ رَضِيَ اللَّهُ عَنْهُ.,arabic_professional_male,8.56,24000,1,0.89483642578125,0.2629183232784271,0,0.23777745327102803,Yes,,,train
151,clip_000151.wav,بَاقِي أُسْبُوعَانِ عَلَى بُلُوغِ شَهْرِ رَمَضَانَ الْمُبَارَكِ. اللَّهُمَّ بَلِّغْنَا رَمَضَانَ لَا فَاقِدِينَ وَلَا مَفْقُودِينَ.,arabic_professional_male,8.08,24000,1,0.9019775390625,0.30692699551582336,0,0.16755878712871286,Yes,,,train
306,clip_000306.wav,يَتَّفِقُ الْعُلَمَاءُ عَلَى أَنَّ دُعَاءَ الِاسْتِخَارَةِ يُقَالُ بَعْدَ السَّلَامِ مِنْ رَكْعَتَيْنِ نَافِلَةٍ، لِيَطْلُبَ الْعَبْدُ مِنَ اللَّهِ أَنْ يَخْتَارَ لَهُ الْخَيْرَ فِي أَمْرِهِ.,arabic_professional_male,10.24,24000,1,0.901702880859375,0.2990516126155853,0,0.1454833984375,Yes,,,train
351,clip_000351.wav,يُسْتَحَبُّ تَعْجِيلُ الْفِطْرِ مُبَاشَرَةً بَعْدَ التَّحَقُّقِ مِنْ غُرُوبِ الشَّمْسِ، وَتَأْخِيرُ السَّحُورِ إِلَى مَا قَبْلَ أَذَانِ الْفَجْرِ، كَمَا وَرَدَ فِي سُنَّةِ الْمُصْطَفَى.,arabic_professional_male,10.32,24000,1,0.90972900390625,0.2600064277648926,0,0.16736918604651163,Yes,,,train
409,clip_000409.wav,أَسْمَعُكَ بِوُضُوحٍ، أَكْمِلْ حَدِيثَكَ.,arabic_professional_male,3.2,24000,1,0.90509033203125,0.26608067750930786,0,0.2942838541666667,Yes,,,train
195,clip_000195.wav,رَدِّدْ مَعِي: يَا حَيُّ يَا قَيُّومُ، بِرَحْمَتِكَ أَسْتَغِيثُ، أَصْلِحْ لِي شَأْنِي كُلَّهُ وَلَا تَكِلْنِي إِلَى نَفْسِي طَرْفَةَ عَيْنٍ.,arabic_professional_male,12.08,24000,1,0.9345703125,0.2276654839515686,0,0.2843198123620309,Yes,,,train
115,clip_000115.wav,إِذَا كُنْتَ تَبْحَثُ عَنْ مَوْضُوعٍ مُحَدَّدٍ، فَقَطْ اذْكُرْ كَلِمَةً مِفْتَاحِيَّةً، مِثْلَ: فِقْهِ الزَّكَاةِ.,arabic_professional_male,7.28,24000,1,0.91436767578125,0.23006483912467957,0,0.29934752747252746,Yes,,,train
388,clip_000388.wav,لِأُوَضِّحَ لَكَ، الصَّدَقَةُ الْجَارِيَةُ هِيَ الْوَقْفُ أَوِ الْعَمَلُ الَّذِي يَسْتَمِرُّ أَجْرُهُ لِلْمُسْلِمِ بَعْدَ مَوْتِهِ، كَبِنَاءِ مَسْجِدٍ، أَوْ حَفْرِ بِئْرٍ، أَوْ طِبَاعَةِ مُصْحَفٍ.,arabic_professional_male,12.96,24000,1,0.9246826171875,0.2599402666091919,0,0.23065843621399176,Yes,,,train
207,clip_000207.wav,حَسَبَ مَوْقِعِكَ الْحَالِيِّ عَلى الْخَرِيطَةِ، أَقْرَبُ مَسْجِدٍ يَبْعُدُ عَنْكَ مَسَافَةَ مِائَتَيْ مِتْرٍ فَقَطْ سَيْرًا عَلَى الْأَقْدَامِ.,arabic_professional_male,9.84,24000,1,0.901275634765625,0.27145230770111084,0,0.19870003387533874,Yes,,,train
354,clip_000354.wav,نَعَمْ، عُقُوقُ الْوَالِدَيْنِ يُعَدُّ مِنَ الْكَبَائِرِ الْعِظَامِ، وَقَدْ قَرَنَ اللَّهُ طَاعَتَهُمَا بِتَوْحِيدِهِ فِي آيَاتٍ كَثِيرَةٍ، فَلَا يَجُوزُ إِغْضَابُهُمَا أَوِ التَّذَمُّرُ مِنْهُمَا كَلِمَةَ أُفٍّ.,arabic_professional_male,12.64,24000,1,0.9227294921875,0.29406100511550903,0,0.1717035864978903,Yes,,,train
379,clip_000379.wav,لِأُجِيبَكَ؛ الْحَوَارِيُّونَ هُمْ أَتْبَاعُ نَبِيِّ اللَّهِ عِيسَى عَلَيْهِ السَّلَامُ الَّذِينَ آمَنُوا بِهِ وَنَاصَرُوهُ حِينَ كَفَرَ بِهِ بَنُو إِسْرَائِيلَ، وَكُنُّوا لَهُ خَالِصَ النُّصْرَةِ.,arabic_professional_male,12.16,24000,1,0.912994384765625,0.2790774703025818,0,0.1729783442982456,Yes,,,train
350,clip_000350.wav,بِخُصُوصِ صَلَاةِ التَّرَاوِيحِ، هِيَ سُنَّةٌ مُؤَكَّدَةٌ فِي لَيَالِي شَهْرِ رَمَضَانَ، وَقَدْ جَمَعَ الْخَلِيفَةُ عُمَرُ بْنُ الْخَطَّابِ النَّاسَ عَلَيْهَا خَلْفَ إِمَامٍ وَاحِدٍ فِي الْمَسْجِدِ.,arabic_professional_male,11.52,24000,1,0.89154052734375,0.28507471084594727,0,0.15285011574074073,Yes,,,train
398,clip_000398.wav,سَأَلْتَ عَنِ الطَّوَافِ؛ الطَّوَافُ حَوْلَ الْكَعْبَةِ يَكُونُ سَبْعَةَ أَشْوَاطٍ، تَبْدَأُ مِنَ الْحَجَرِ الْأَسْوَدِ وَتَنْتَهِي إِلَيْهِ، وَيَكُونُ الْبَيْتُ الْحَرَامُ عَلَى يَسَارِ الطَّائِفِ.,arabic_professional_male,12.24,24000,1,0.901763916015625,0.2594211995601654,0,0.24030501089324618,Yes,,,train
65,clip_000065.wav,لَقَدْ اخْتَرْتَ الِاسْتِمَاعَ لِمُحَاضَرَةِ الدُّكْتُورِ عُمَرَ عَبْدِ الْكَافِي. جَارِي التَّشْغِيلُ.,arabic_professional_male,5.68,24000,1,0.890838623046875,0.26100829243659973,0,0.19638350938967136,Yes,,,train
322,clip_000322.wav,أَمَّا عَنْ كِتَابِ صَحِيحِ الْبُخَارِيِّ؛ فَهُوَ أَصَحُّ كِتَابٍ بَعْدَ الْقُرْآنِ الْكَرِيمِ، جَمَعَ فِيهِ الْإِمَامُ مُحَمَّدُ بْنُ إِسْمَاعِيلَ الْبُخَارِيُّ الْأَحَادِيثَ النَّبَوِيَّةَ الصَّحِيحَةَ بِشُرُوطٍ دَقِيقَةٍ.,arabic_professional_male,13.36,24000,1,0.932952880859375,0.28660547733306885,0,0.1654877744510978,Yes,,,train
375,clip_000375.wav,رَدًّا عَلَى ذَلِكَ: قِصَّةُ قَابِيلَ وَهَابِيلَ هِيَ قِصَّةُ أَوَّلِ جَرِيمَةِ قَتْلٍ عَلَى وَجْهِ الْأَرْضِ، وَوَقَعَتْ بَيْنَ أَبْنَاءِ آدَمَ بِسَبَبِ الْحَسَدِ وَعَدَمِ تَقَبُّلِ أَمْرِ اللَّهِ.,arabic_professional_male,13.52,24000,1,0.90325927734375,0.26692327857017517,0,0.21506410256410258,Yes,,,train
254,clip_000254.wav,الِاخْتِلَافُ فِي الْقِرَاءَاتِ الْقُرْآنِيَّةِ لَيْسَ تَنَاقُضًا، بَلْ هُوَ تَنَوُّعٌ إِعْجَازِيٌّ يُوسِّعُ دَلَالَاتِ الْمَعَانِي بِلُغَةِ الْعَرَبِ.,arabic_professional_male,9.76,24000,1,0.898590087890625,0.26796209812164307,0,0.21807974726775955,Yes,,,train
275,clip_000275.wav,فِي رِوَايَةِ حَفْصٍ عَنْ عَاصِمٍ، هُنَاكَ كَلِمَةٌ وَاحِدَةٌ فَقَطْ فِيهَا حُكْمُ الْإِمَالَةِ وَهِيَ كَلِمَةُ «مَجْرَاهَا» فِي سُورَةِ هُودٍ.,arabic_professional_male,11.04,24000,1,0.9388427734375,0.2669089734554291,0,0.28431083937198065,Yes,,,train
51,clip_000051.wav,الْوَقْفُ هُنَا لَيْسَ جَائِزًا لِأَنَّهُ يُغَيِّرُ الْمَعْنَى. قُمْ بِالْوَصْلِ حَتَّى نِهَايَةِ الْآيَةِ.,arabic_professional_male,6.96,24000,1,0.903045654296875,0.27369925379753113,0,0.20416666666666666,Yes,,,train
434,clip_000434.wav,الْمَسْحُ عَلَى الْجَبِيرَةِ أَوِ الْعِصَابَةِ الطِّبِّيَّةِ جَائِزٌ فِي الْوُضُوءِ وَالْغُسْلِ حَتَّى يَتِمَّ الشِّفَاءُ بِإِذْنِ اللَّهِ.,arabic_professional_male,8.8,24000,1,0.8758544921875,0.2482542097568512,0,0.21800189393939393,Yes,,,train
138,clip_000138.wav,مَا رَأْيُكَ أَنْ نَسْتَمِعَ لِأُنْشُودَةٍ جَمِيلَةٍ عَنْ حُبِّ رَسُولِ اللَّهِ؟ قُلْ نَعَمْ لِنَبْدَأَ التَّشْغِيلَ.,arabic_professional_male,7.76,24000,1,0.92144775390625,0.2749110758304596,0,0.24654209621993128,Yes,,,train
191,clip_000191.wav,اللَّهُمَّ اغْفِرْ لِلْمُؤْمِنِينَ وَالْمُؤْمِنَاتِ، وَالْمُسْلِمِينَ وَالْمُسْلِمَاتِ، الْأَحْيَاءِ مِنْهُمْ وَالْأَمْوَاتِ، إِنَّكَ سَمِيعٌ قَرِيبٌ مُجِيبُ الدَّعَوَاتِ.,arabic_professional_male,11.68,24000,1,0.94366455078125,0.2833462357521057,0,0.25270405251141553,Yes,,,train
229,clip_000229.wav,لَا تَحْزَنْ إِذَا فَقَدْتَ لُعْبَتَكَ يَا صَغِيرِي، فَاللَّهُ سَيُعَوِّضُكَ بِشَيْءٍ أَجْمَلَ لِأَنَّكَ طِفْلٌ مُؤْمِنٌ وَصَبُورٌ.,arabic_professional_male,10.4,24000,1,0.90771484375,0.25412365794181824,0,0.20755608974358974,Yes,,,train
296,clip_000296.wav,تَمَّ إِرْسَالُ إِشْعَارٍ لِأَفْرَادِ عَائِلَتِكَ الْمُرْتَبِطِينَ بِالْحِسَابِ لِتَذْكِيرِهِمْ بِصِيَامِ يَوْمِ عَاشُورَاءَ غَدًا.,arabic_professional_male,7.6,24000,1,0.91033935546875,0.3270566463470459,0,0.08731359649122807,Yes,,,train
221,clip_000221.wav,بَارَكَ اللَّهُ فِيكَ عَلَى كَلَامِكَ الطَّيِّبِ، هَذَا مِنْ حُسْنِ خُلُقِكَ وَنَقَاءِ سَرِيرَتِكَ.,arabic_professional_male,6.72,24000,1,0.944061279296875,0.2642936408519745,0,0.26060887896825397,Yes,,,train
370,clip_000370.wav,الْإِجَابَةُ صَرِيحَةٌ؛ لَا يُقْبَلُ عَمَلٌ شَرْعِيٌّ إِلَّا بِشَرْطَيْنِ رَئِيسِيَّيْنِ: الْإِخْلَاصُ لِلَّهِ تَعَالَى وَحْدَهُ، وَالْمُتَابَعَةُ لِسُنَّةِ النَّبِيِّ مُحَمَّدٍ صَلَّى اللَّهُ عَلَيْهِ وَسَلَّمَ.,arabic_professional_male,13.92,24000,1,0.926666259765625,0.26563116908073425,0,0.20604346264367815,Yes,,,train
335,clip_000335.wav,مُمَارَسَةُ السِّحْرِ حَرَامٌ شَرْعًا وَيُعَدُّ مِنَ الْمُوبِقَاتِ السَّبْعِ أَيِ الْمُهْلِكَاتِ، لِأَنَّ فِيهِ اسْتِعَانَةً بِالشَّيَاطِينِ وَإِضْرَارًا بِالنَّاسِ بِمَا يُخَالِفُ عَقِيدَةَ التَّوْحِيدِ.,arabic_professional_male,13.92,24000,1,0.893157958984375,0.26254796981811523,0,0.24558189655172413,Yes,,,train
21,clip_000021.wav,إِذًا، دَعْنَا نُصَلِّي عَلَى رَسُولِ اللَّهِ، اللَّهُمَّ صَلِّ وَسَلِّمْ عَلَى نَبِيِّنَا مُحَمَّدٍ.,arabic_professional_male,6.64,24000,1,0.835784912109375,0.23505601286888123,0,0.22493097389558234,Yes,,,train
235,clip_000235.wav,رَمْيُ الْجَمَرَاتِ فِي أَيَّامِ التَّشْرِيقِ يَبْدَأُ بَعْدَ الزَّوَالِ، وَيُكَبِّرُ الْحَاجُّ مَعَ كُلِّ حَصَاةٍ يَرْمِيهَا.,arabic_professional_male,8.64,24000,1,0.922515869140625,0.28797447681427,0,0.1880497685185185,Yes,,,train
141,clip_000141.wav,هَذَا تَذْكِيرٌ بِمَوْعِدِ صَلَاةِ الضُّحَى. تَبْدَأُ مِنْ رَكْعَتَيْنِ وَفَضْلُهَا عَظِيمٌ كَصَدَقَةٍ عَنْ مَفَاصِلِ الْجِسْمِ.,arabic_professional_male,8.96,24000,1,0.904296875,0.29393234848976135,0,0.17222377232142858,Yes,,,train
212,clip_000212.wav,هَذَا الْمَقْطَعُ يُبَيِّنُ إِعْرَابَ قَوْلِهِ تَعَالَى «إِيَّاكَ نَعْبُدُ»، حَيْثُ تَقَدَّمَ الْمَفْعُولُ بِهِ لِإِفَادَةِ الْحَصْرِ وَالِاخْتِصَاصِ.,arabic_professional_male,10.16,24000,1,0.920562744140625,0.2776142656803131,0,0.20699639107611548,Yes,,,train
26,clip_000026.wav,يَرْجَى مُلَاحَظَةُ أَنَّنِي وِكِيلٌ صَوْتِيٌّ مُبَرْمَجٌ بِمَعْلُومَاتٍ إِسْلَامِيَّةٍ، وَلَسْتُ مُفْتِيًا مُعْتَمَدًا، لِذَا يُفَضَّلُ الرُّجُوعُ لِدَارِ الْإِفْتَاءِ فِي الْمَسَائِلِ الْمُعَقَّدَةِ.,arabic_professional_male,12.0,24000,1,0.9100341796875,0.27925872802734375,0,0.18978125,Yes,,,train
25,clip_000025.wav,الْإِخْفَاءُ هُنَا يَتَطَلَّبُ غُنَّةً بِمِقْدَارِ حَرَكَتَيْنِ، هَلْ نُجَرِّبُ ذَلِكَ مَعًا؟,arabic_professional_male,6.24,24000,1,0.896209716796875,0.2938055694103241,0,0.20150240384615384,Yes,,,train
165,clip_000165.wav,لِكَيْ تَسْجُدَ سَجْدَةَ التِّلَاوَةِ بِشَكْلٍ صَحِيحٍ، كَبِّرْ ثُمَّ اسْجُدْ وَقُلْ: سَجَدَ وَجْهِي لِلَّذِي خَلَقَهُ وَشَقَّ سَمْعَهُ وَبَصَرَهُ.,arabic_professional_male,12.16,24000,1,0.900238037109375,0.24045096337795258,0,0.2935272752192982,Yes,,,train
297,clip_000297.wav,لِلْخُرُوجِ مِنْ وَضْعِ التِّلَاوَةِ التَّفَاعُلِيَّةِ، اِمْسَحْ بِيَدِكَ عَلَى الشَّاشَةِ مِنْ الْيَمِينِ إِلَى الْيَسَارِ أَوْ قُلْ خُرُوجٌ.,arabic_professional_male,9.12,24000,1,0.943695068359375,0.2714221179485321,0,0.26517726608187137,Yes,,,train
17,clip_000017.wav,أَهْلًا يَا صَدِيقِي الصَّغِيرَ! أَنَا مُسْلِمٌ، هَلْ أَنْتَ مُسْتَعِدٌّ لِسَمَاعِ قِصَّةٍ جَدِيدَةٍ مِنْ قَصَصِ الْأَنْبِيَاءِ؟,arabic_professional_male,7.84,24000,1,0.947174072265625,0.2924537658691406,0,0.23379039115646258,Yes,,,train
72,clip_000072.wav,مِنْ فَضْلِكَ، تَحَدَّثْ بِصَوْتٍ أَعْلَى قَلِيلًا، لَمْ أَتَمَكَّنْ مِنِ الْتِقَاطِ كَلِمَاتِكَ.,arabic_professional_male,6.08,24000,1,0.909912109375,0.2581649422645569,0,0.24976014254385964,Yes,,,train
299,clip_000299.wav,حَانَ وَقْتُ الرَّاحَةِ، سَأُغْلِقُ النِّظَامَ الْآنَ لِتَوْفِيرِ الطَّاقَةِ. نَسْتَوْدِعُكُمُ اللَّهَ الَّذِي لَا تَضِيعُ وَدَائِعُهُ، وَإِلَى اللِّقَاءِ.,arabic_professional_male,10.96,24000,1,0.889739990234375,0.26690325140953064,0,0.2806075121654501,Yes,,,train
232,clip_000232.wav,أَنْتَ الْآنَ فِي الشَّوْطِ الرَّابِعِ مِنَ الطَّوَافِ حَوْلَ الْكَعْبَةِ الْمُشَرَّفَةِ. رَبَّنَا آتِنَا فِي الدُّنْيَا حَسَنَةً وَفِي الْآخِرَةِ حَسَنَةً.,arabic_professional_male,10.32,24000,1,0.94696044921875,0.27160191535949707,0,0.22201227390180878,Yes,,,train
239,clip_000239.wav,الزَّوَاجُ فِي الْإِسْلَامِ مِيثَاقٌ غَلِيظٌ يَقُومُ عَلَى الْمَوَدَّةِ وَالرَّحْمَةِ. نَسْأَلُ اللَّهَ أَنْ يَرْزُقَكَ الزَّوْجَةَ الصَّالِحَةَ الَّتِي تُقِرُّ بِهَا عَيْنُكَ.,arabic_professional_male,10.88,24000,1,0.923431396484375,0.2726595997810364,0,0.20181908700980392,Yes,,,train
105,clip_000105.wav,تَمَّ حِفْظُ مَقْطَعِ الْفِيدْيُو التَّعْلِيمِيِّ لِأَحْكَامِ التَّجْوِيدِ فِي قَائِمَةِ مُشَاهَدَاتِكَ لَاحِقًا.,arabic_professional_male,7.28,24000,1,0.9063720703125,0.2875620424747467,0,0.1706043956043956,Yes,,,train
330,clip_000330.wav,أَنْتَ تَسْأَلُ عَنْ بَيْعَةِ الْعَقَبَةِ؛ هِيَ بَيْعَةٌ وَقَعَتْ فِي مَكَّةَ قَبْلَ الْهِجْرَةِ، حَيْثُ جَاءَ وَفْدٌ مِنَ الْأَنْصَارِ فَبَايَعُوا النَّبِيَّ عَلَى حِمَايَتِهِ وَنُصْرَةِ الْإِسْلَامِ.,arabic_professional_male,12.88,24000,1,0.92840576171875,0.2553844153881073,0,0.23330745341614906,Yes,,,train
5,clip_000005.wav,يَبْدُو أَنَّ هُنَاكَ انْقِطَاعًا فِي الِاتِّصَالِ، يَرْجَى التَّأَكُّدُ مِنْ شَبَكَةِ الْإِنْتِرْنِتِ لَدَيْكَ.,arabic_professional_male,5.92,24000,1,0.928070068359375,0.28501129150390625,0,0.20983248873873875,Yes,,,train
415,clip_000415.wav,ذَكَّرْتَنِي! سَأَقُومُ بِتَشْغِيلِ سُورَةِ الْكَهْفِ لَكَ الْآنَ، فَإِنَّهَا نُورٌ لِمَا بَيْنَ الْجُمُعَتَيْنِ.,arabic_professional_male,8.08,24000,1,0.915069580078125,0.3037738800048828,0,0.2123865511551155,Yes,,,train
94,clip_000094.wav,تَمَّ حَذْفُ هَذِهِ السُّورَةِ مِنْ قَائِمَةِ التَّحْمِيلَاتِ الْخَاصَّةِ بِكَ، لِتَوْفِيرِ الْمِسَاحَةِ.,arabic_professional_male,5.76,24000,1,0.91595458984375,0.26558855175971985,0,0.19500868055555556,Yes,,,train
174,clip_000174.wav,هَذَا الْحَدِيثُ يُعَدُّ ضَعِيفَ الْإِسْنَادِ، وَلَا يُعْتَمَدُ عَلَيْهِ فِي اسْتِنْبَاطِ الْأَحْكَامِ الْفِقْهِيَّةِ عِنْدَ أَهْلِ الِاخْتِصَاصِ مِنْ عُلَمَاءِ الْحَدِيثِ.,arabic_professional_male,9.28,24000,1,0.927703857421875,0.26560962200164795,0,0.17950341235632183,Yes,,,train
281,clip_000281.wav,تَمَّ ضَبْطُ عَدَّادِ التَّسْبِيحِ عَلَى مِائَةِ مَرَّةٍ، سَيَهْتَزُّ الْهَاتِفُ بِخِفَّةٍ عِنْدَ بُلُوغِكَ الرَّقْمَ الْمَطْلُوبَ لِتَعْلَمَ أَنَّكَ انْتَهَيْتَ.,arabic_professional_male,10.56,24000,1,0.916656494140625,0.25130271911621094,0,0.23144728535353534,Yes,,,train
333,clip_000333.wav,لِأُجِيبَكَ عَلَى هَذَا: صَلَاةُ الْكَسُوفِ هِيَ صَلَاةٌ سُنَّةٌ تُصَلَّى عِنْدَ كُسُوفِ الشَّمْسِ أَو خُسُوفِ الْقَمَرِ، تَتَكَوَّنُ مِنْ رَكْعَتَيْنِ فِي كُلِّ رَكْعَةٍ رُكُوعَانِ وَسُجُودَانِ.,arabic_professional_male,13.84,24000,1,0.9044189453125,0.26708048582077026,0,0.20966100674373797,Yes,,,train
225,clip_000225.wav,لِنَلْعَبْ لُعْبَةَ التَّطَابُقِ! مَنْ هِيَ زَوْجَةُ فِرْعَوْنَ الَّتِي آمَنَتْ بِاللَّهِ وَبَنَى لَهَا بَيْتًا فِي الْجَنَّةِ؟ إِنَّهَا آسِيَةُ بِنْتُ مُزَاحِمٍ.,arabic_professional_male,11.52,24000,1,0.946441650390625,0.2888164520263672,0,0.24976851851851853,Yes,,,train
334,clip_000334.wav,عَنْ مَعْنَى «سِدْرَةِ الْمُنْتَهَى»، هِيَ شَجَرَةٌ عَظِيمَةٌ فِي السَّمَاءِ السَّابِعَةِ رَآهَا النَّبِيُّ لَيْلَةَ الْإِسْرَاءِ وَالْمِعْرَاجِ، وَإِلَيْهَا يَنْتَهِي مَا يَصْعَدُ مِنَ الْأَرْضِ.,arabic_professional_male,11.44,24000,1,0.892547607421875,0.2955847382545471,0,0.16066069347319348,Yes,,,train
50,clip_000050.wav,قِرَاءَتُكَ سَرِيعَةٌ بَعْضَ الشَّيْءِ، حَاوِلْ أَنْ تُرَتِّلَ الْقُرْآنَ بِتُؤَدَةٍ لِإِعْطَاءِ كُلِّ حَرْفٍ حَقَّهُ.,arabic_professional_male,7.92,24000,1,0.92950439453125,0.26616135239601135,0,0.20744949494949494,Yes,,,train
273,clip_000273.wav,هَذَا الْخَطَأُ الشَّائِعُ يَقَعُ فِيهِ الْكَثِيرُونَ؛ الصَّوَابُ هُوَ قَوْلُ «إِنْ شَاءَ اللَّهُ» مُنْفَصِلَةً، وَلَيْسَ «إِنْشَاءَ اللَّهُ» الْمُتَّصِلَةَ لِاخْتِلَافِ الْمَعْنَى تَمَامًا.,arabic_professional_male,11.84,24000,1,0.918548583984375,0.27660003304481506,0,0.20968468468468468,Yes,,,train
108,clip_000108.wav,كَلِمَةُ الْمُرُورِ الْخَاصَّةُ بِحِسَابِكَ تَحْتَاجُ إِلَى تَحْدِيثٍ لِتَكُونَ أَكْثَرَ أَمَانًا، أَنْصَحُكَ بِتَغْيِيرِهَا.,arabic_professional_male,7.84,24000,1,0.943389892578125,0.2792258560657501,0,0.18055378401360545,Yes,,,train
47,clip_000047.wav,لَقَدْ أَضَفْتُ مَوْعِدَ حَلْقَةِ الْقُرْآنِ الْكَرِيمِ إِلَى التَّقْوِيمِ الْخَاصِّ بِكَ.,arabic_professional_male,5.76,24000,1,0.861236572265625,0.2751832604408264,0,0.2071976273148148,Yes,,,train
60,clip_000060.wav,الْحَمْدُ لِلَّهِ. أَنَا بِخَيْرٍ، وَجَاهِزٌ لِلرَّدِّ عَلَى اسْتِفْسَارَاتِكَ الْإِسْلَامِيَّةِ هَذَا الصَّبَاحَ.,arabic_professional_male,7.04,24000,1,0.9158935546875,0.2474372684955597,0,0.24063091856060606,Yes,,,train
176,clip_000176.wav,مِيقَاتُ أَهْلِ مِصْرَ وَالشَّامِ فِي الْحَجِّ وَالْعُمْرَةِ هُوَ الْجُحْفَةُ، وَتُحَاذِيهَا فِي الْوَقْتِ الْحَاضِرِ مَدِينَةُ رَابِغَ.,arabic_professional_male,8.72,24000,1,0.86004638671875,0.28187263011932373,0,0.24697056574923548,Yes,,,train
374,clip_000374.wav,بِالطَّبْعِ! الْكَلِمَةُ الطَّيِّبَةُ هِيَ كُلُّ كَلَامٍ يُرْضِي اللَّهَ، كَذِكْرِ اللَّهِ، أَوْ إِصْلَاحٍ بَيْنَ النَّاسِ، أَو تَشْجِيعٍ لِمَهْمُومٍ، وَقَدْ جَعَلَهَا الْإِسْلَامُ بِمَنْزِلَةِ الصَّدَقَةِ.,arabic_professional_male,13.6,24000,1,0.905364990234375,0.2664356529712677,0,0.2597610294117647,Yes,,,train
185,clip_000185.wav,مَنْ لَزِمَ الِاسْتِغْفَارَ جَعَلَ اللَّهُ لَهُ مِنْ كُلِّ هَمٍّ فَرَجًا، وَمِنْ كُلِّ ضِيقٍ مَخْرَجًا. لِنُكْثِرْ مِنَ الِاسْتِغْفَارِ مَعًا فِي هَذِهِ اللَّحَظَةِ.,arabic_professional_male,12.24,24000,1,0.94830322265625,0.3020680546760559,0,0.2452988834422658,Yes,,,train
242,clip_000242.wav,تَرْبِيَةُ الْأَبْنَاءِ عَلَى حُبِّ اللَّهِ وَرَسُولِهِ أَفْضَلُ اسْتِثْمَارٍ لِلْآبَاءِ فِي الدُّنْيَا، لِأَنَّ الْوَلَدَ الصَّالِحَ يَدْعُو لَهُمْ بَعْدَ مَمَاتِهِمْ.,arabic_professional_male,10.48,24000,1,0.91790771484375,0.2774030864238739,0,0.19629452926208651,Yes,,,train
88,clip_000088.wav,انْتَهَى وَقْتُ التَّسْجِيلِ. جَارِي مُعَالَجَةُ الصَّوْتِ الْمُدْخَلِ.,arabic_professional_male,4.16,24000,1,0.941650390625,0.24342793226242065,0,0.2623096955128205,Yes,,,train
182,clip_000182.wav,قُلْ: حَسْبِيَ اللَّهُ لَا إِلَهَ إِلَّا هُوَ عَلَيْهِ تَوَكَّلْتُ وَهُوَ رَبُّ الْعَرْشِ الْعَظِيمِ، سَبْعَ مَرَّاتٍ، لِيَكْفِيَكَ اللَّهُ مَا أَهَمَّكَ مِنْ أَمْرِ الدُّنْيَا.,arabic_professional_male,12.72,24000,1,0.90057373046875,0.253034770488739,0,0.22176035115303983,Yes,,,train
284,clip_000284.wav,اِحْرِصْ عَلَى تَنَاوُلِ سَبْعِ تَمَرَاتٍ مِنْ تَمْرِ الْعَجْوَةِ صَبَاحًا إِذَا اسْتَطَعْتَ، فَفِيهَا وِقَايَةٌ بِنَصِّ الْحَدِيثِ الشَّرِيفِ.,arabic_professional_male,8.88,24000,1,0.91961669921875,0.26606833934783936,0,0.19003847597597598,Yes,,,train
33,clip_000033.wav,الْمَقْصُودُ بِأُولِي الْعَزْمِ مِنَ الرُّسُلِ هُمْ: نُوحٌ، وَإِبْرَاهِيمُ، وَمُوسَى، وَعِيسَى، وَمُحَمَّدٌ، عَلَيْهِمْ جَمِيعًا أَفْضَلُ الصَّلَاةِ وَالسَّلَامِ.,arabic_professional_male,12.08,24000,1,0.912811279296875,0.2602916657924652,0,0.24482615894039736,Yes,,,train
260,clip_000260.wav,مِنْ أَقْوَالِ الْإِمَامِ عَلِيِّ بْنِ أَبِي طَالِبٍ كَرَّمَ اللَّهُ وَجْهَهُ: أَعْجَزُ النَّاسِ مَنْ عَجَزَ عَنِ اكْتِسَابِ الْإِخْوَانِ، وَأَعْجَزُ مِنْهُ مَنْ ضَيَّعَ مَنْ ظَفِرَ بِهِ مِنْهُمْ.,arabic_professional_male,13.2,24000,1,0.95294189453125,0.2756885886192322,0,0.25085227272727273,Yes,,,train
146,clip_000146.wav,تَمَّ إِعْدَادُ جَدْوَلِ خَتْمِ الْقُرْآنِ فِي ثَلَاثِينَ يَوْمًا. سَأُذَكِّرُكَ بِقِرَاءَةِ الْجُزْءِ الْمُخَصَّصِ كُلَّ مَسَاءٍ.,arabic_professional_male,8.4,24000,1,0.927947998046875,0.27119845151901245,0,0.1899404761904762,Yes,,,train
54,clip_000054.wav,أَنَا أُدْرِكُ أَنَّ الْبَحْثَ فِي الْمَسَائِلِ الْفِقْهِيَّةِ قَدْ يَكُونُ مُعَقَّدًا، دَعْنِي أُبَسِّطُ لَكَ الْأَمْرَ.,arabic_professional_male,6.32,24000,1,0.896759033203125,0.26890748739242554,0,0.17736682489451477,Yes,,,train
293,clip_000293.wav,هَذَا الصَّوْتُ الْعَذْبُ يَعُودُ لِلْمُقْرِئِ مُحَمَّد صِدِّيق الْمِنْشَاوِيِّ، صَاحِبِ النَّبْرَةِ الْبَاكِيَةِ الَّتِي تَخْطِفُ الْقُلُوبَ.,arabic_professional_male,7.92,24000,1,0.91162109375,0.2657044231891632,0,0.21630892255892256,Yes,,,train
291,clip_000291.wav,مَا أَرْوَعَ هَذِهِ الْهِمَّةَ! لَقَدْ حَافَظْتَ عَلَى صَلَاةِ الْفَجْرِ فِي وَقْتِهَا لِمُدَّةِ ثَلَاثِينَ يَوْمًا مُتَتَالِيًا، اسْتَمِرَّ عَلَى هَذَا الدَّرْبِ.,arabic_professional_male,10.16,24000,1,0.904876708984375,0.27604153752326965,0,0.18795521653543307,Yes,,,train
79,clip_000079.wav,كَيْفَ كَانَتْ تَجْرِبَتُكَ مَعَ حَلْقَةِ التَّسْمِيعِ الْيَوْمَ؟ أَرْجُو أَنْ تَكُونَ قَدِ اسْتَفَدْتَ مِنْهَا.,arabic_professional_male,6.24,24000,1,0.90484619140625,0.2842378616333008,0,0.25726495726495724,Yes,,,train
278,clip_000278.wav,هَلْ تَرَى الْعَلَامَةَ الصَّغِيرَةَ فَوْقَ الْكَلِمَةِ الْمُصْحَفِيَّةِ؟ هَذِهِ تَعْنِي وُجُوبَ سُجُودِ التِّلَاوَةِ عِنْدَ الْمُرُورِ بِهَا.,arabic_professional_male,8.96,24000,1,0.898162841796875,0.2891424000263214,0,0.19457310267857142,Yes,,,train
251,clip_000251.wav,كَلِمَةُ «مُسْتَشْفَى» تُكْتَبُ بِأَلِفٍ مَقْصُورَةٍ فِي النِّهَايَةِ، وَلَيْسَ بِيَاءٍ، لِأَنَّهَا اسْمٌ مَقْصُورٌ زَادَتْ حُرُوفُهُ عَلَى ثَلَاثَةٍ.,arabic_professional_male,10.72,24000,1,0.93182373046875,0.2692440450191498,0,0.2673624067164179,Yes,,,train
209,clip_000209.wav,أَنَا أُسَاعِدُكَ الْآنَ فِي حِسَابِ زَكَاةِ مَالِكَ. يَرْجَى إِدْخَالُ إِجْمَالِيِّ الْمَبْلَغِ الَّذِي حَالَ عَلَيْهِ الْحَوْلُ بِالْعُمْلَةِ الْمَحَلِّيَّةِ.,arabic_professional_male,9.04,24000,1,0.905670166015625,0.300447016954422,0,0.12867348820058996,Yes,,,train
271,clip_000271.wav,أَعْتَذِرُ، لَا يُمْكِنُنِي تَغْيِيرُ نَبْرَةِ صَوْتِي إِلَى صَوْتٍ نِسَائِيٍّ، هَذِهِ النُّسْخَةُ مِنَ الْوَكِيلِ مُخَصَّصَةٌ بِصَوْتٍ رِجَالِيٍّ رَخِيمٍ.,arabic_professional_male,11.68,24000,1,0.902587890625,0.2662140727043152,0,0.20923230593607306,Yes,,,train
0,clip_000000.wav,السَّلَامُ عَلَيْكُمْ وَرَحْمَةُ اللَّهِ وَبَرَكَاتُهُ. أَنَا «مُسْلِمٌ»، مُسَاعِدُكَ الصَّوْتِيُّ. كَيْفَ يُمْكِنُنِي خِدْمَتُكَ الْيَوْمَ؟,arabic_professional_male,8.0,24000,1,0.8851318359375,0.28043875098228455,0,0.20176041666666666,Yes,,,train
358,clip_000358.wav,لَقَدْ بَحَثْتُ لَكَ فِي أَسْبَابِ النُّزُولِ: نَزَلَتْ آيَةُ التَّيَمُّمِ حِينَ أَضَاعَتْ عَائِشَةُ عِقْدَهَا فِي الصَّحْرَاءِ، فَتَأَخَّرَ الْجَيْشُ عَنِ الْمَاءِ، فَكَانَتْ رُخْصَةً وَرَحْمَةً لِلْأُمَّةِ.,arabic_professional_male,13.52,24000,1,0.928314208984375,0.2728103995323181,0,0.22812191814595661,Yes,,,train
92,clip_000092.wav,إِنَّا لِلَّهِ وَإِنَّا إِلَيْهِ رَاجِعُونَ. رَحِمَ اللَّهُ فَقِيدَكُمْ وَأَلْهَمَكُمْ جَمِيلَ الصَّبْرِ وَالسُّلْوَانِ.,arabic_professional_male,10.72,24000,1,0.917266845703125,0.24869567155838013,0,0.26866060323383084,Yes,,,train
249,clip_000249.wav,شُكْرًا لَكَ عَلَى مَنْحِي تَقْيِيمَ خَمْسِ نُجُومٍ فِي الْمَتْجَرِ! هَذَا يَدْعَمُنَا كَثِيرًا لِنَشْرِ الْخَيْرِ وَالْمَعْرِفَةِ.,arabic_professional_male,7.68,24000,1,0.920928955078125,0.3040831387042999,0,0.15907118055555555,Yes,,,train
368,clip_000368.wav,نَعَمْ، بِالتَّأْكِيدِ. أَرْكَانُ الْإِيمَانِ سِتَّةٌ هِيَ: الْإِيمَانُ بِاللَّهِ، وَمَلَائِكَتِهِ، وَكُتُبِهِ، وَرُسُلِهِ، وَالْيَوْمِ الْآخِرِ، وَالْقَدَرِ خَيْرِهِ وَشَرِّهِ مِنْ تَعَالَى.,arabic_professional_male,13.92,24000,1,0.92559814453125,0.24912512302398682,0,0.29420198754789273,Yes,,,train
437,clip_000437.wav,سُنَّةُ الظُّهْرِ هِيَ أَرْبَعُ رَكَعَاتٍ قَبْلَهُ، وَرَكْعَتَانِ بَعْدَهُ، وَقَدْ حَثَّنَا النَّبِيُّ عَلَى الْمُحَافَظَةِ عَلَى السُّنَنِ الرَّوَاتِبِ.,arabic_professional_male,8.8,24000,1,0.912872314453125,0.29801100492477417,0,0.1536931818181818,Yes,,,train
391,clip_000391.wav,أُجِيبُكَ بِأَنَّ صَوْمَ دَاوُدَ هُوَ أَفْضَلُ الصِّيَامِ كَمَا وَصَفَهُ النَّبِيُّ، وَيَتَمَثَّلُ فِي أَنْ يَصُومَ الْمُسْلِمُ يَوْمًا وَيُفْطِرَ يَوْمًا طَوَالَ الْعَامِ.,arabic_professional_male,11.76,24000,1,0.906707763671875,0.26956912875175476,0,0.21310232426303855,Yes,,,train
345,clip_000345.wav,سَأَلْتَ عَنْ مِيقَاتِ حُجَّاجِ مَدِينَةِ الرِّيَاضِ؛ هُوَ السَّيْلُ الْكَبِيرُ أَو قَرْنُ الْمَنَازِلِ، وَمِنْهُ يَحْرِمُونَ قَبْلَ دُخُولِهِمْ مَكَّةَ الْمُكَرَّمَةَ.,arabic_professional_male,10.56,24000,1,0.892364501953125,0.279778391122818,0,0.22441603535353535,Yes,,,train
69,clip_000069.wav,تَمَّ حِفْظُ تَقَدُّمِكَ فِي الْقِرَاءَةِ عِنْدَ الْآيَةِ الْخَامِسَةِ وَالْعِشْرِينَ مِنْ سُورَةِ مَرْيَمَ.,arabic_professional_male,5.68,24000,1,0.925537109375,0.2946828603744507,0,0.08291519953051643,Yes,,,train
7,clip_000007.wav,يَقُولُ الْعُلَمَاءُ فِي شَرْحِ هَذَا الْحَدِيثِ الشَّرِيفِ، إِنَّهُ يَحُثُّ الْمُسْلِمَ عَلَى حُسْنِ الْخُلُقِ.,arabic_professional_male,7.2,24000,1,0.927490234375,0.2525969445705414,0,0.2166377314814815,Yes,,,train
145,clip_000145.wav,حَانَ الْآنَ مَوْعِدُ أَدَاءِ صَلَاةِ الْعِشَاءِ حَسَبَ التَّوْقِيتِ الْمَحَلِّيِّ لِمَدِينَتِكَ، تَقَبَّلَ اللَّهُ مِنْكُمْ.,arabic_professional_male,6.48,24000,1,0.8885498046875,0.27222734689712524,0,0.16658950617283952,Yes,,,train
266,clip_000266.wav,قَلْعَةُ الْقُطْنِ أَحَدُ الْمَعَالِمِ الرَّائِعَةِ، لَكِنْ لَا يُوجَدُ شَيْءٌ يُضَاهِي رَوْعَةَ الْكَعْبَةِ الْمُشَرَّفَةِ حِينَ تَقَعُ عَيْنُكَ عَلَيْهَا لِأَوَّلِ مَرَّةٍ.,arabic_professional_male,10.48,24000,1,0.940765380859375,0.268995463848114,0,0.19439010814249363,Yes,,,train
220,clip_000220.wav,عُذْرًا، أَنَا مُبَرْمَجٌ عَلَى تَجَاهُلِ الْكَلِمَاتِ الْبَذِيئَةِ أَوِ الْمُسِيئَةِ. لِنُحَافِظْ عَلَى رُقِيِّ الْحِوَارِ كَمَا أَمَرَنَا الْإِسْلَامُ.,arabic_professional_male,9.84,24000,1,0.903106689453125,0.2752797603607178,0,0.2291920731707317,Yes,,,train
222,clip_000222.wav,الرَّجَاءُ الِانْتِبَاهُ، هَذَا الْحَدِيثُ مَوْضُوعٌ وَمَكْذُوبٌ عَلَى رَسُولِ اللَّهِ، وَلَا يَصِحُّ نَشْرُهُ أَوِ تَدَاوُلُهُ بَيْنَ النَّاسِ.,arabic_professional_male,10.56,24000,1,0.913055419921875,0.2608765959739685,0,0.27239583333333334,Yes,,,train
38,clip_000038.wav,لِكَيْ تَسْتَمِعَ إِلَى سُورَةِ الْبَقَرَةِ كَامِلَةً، قُلْ فَقَطْ: شَغِّلْ سُورَةَ الْبَقَرَةِ.,arabic_professional_male,6.72,24000,1,0.92999267578125,0.2631169557571411,0,0.2542472718253968,Yes,,,train
392,clip_000392.wav,بِالتَّأْكِيدِ، الشُّورَى مَبْدَأٌ إِسْلَامِيٌّ عَظِيمٌ يَقُومُ عَلَى أَخْذِ رَأْيِ الْخُبَرَاءِ وَالْحُكَمَاءِ فِي أُمُورِ الدَّوْلَةِ وَالْمُجْتَمَعِ قَبْلَ اتِّخَاذِ الْقَرَارِ النِّهَائِيِّ.,arabic_professional_male,11.12,24000,1,0.9169921875,0.2848168909549713,0,0.18450989208633092,Yes,,,train
393,clip_000393.wav,أَنْتَ تَسْأَلُ عَنْ بَيْعِ الْغَرَرِ؛ هُوَ الْبَيْعُ الْمَجْهُولُ الْعَاقِبَةِ الَّذِي يَحْتَوِي عَلَى خِدَاعٍ أَوْ مُخَاطَرَةٍ مِثْلَ بَيْعِ السَّمَكِ فِي الْمَاءِ، وَهُوَ مُحَرَّمٌ شَرْعًا لِمَنْعِ النِّزَاعِ.,arabic_professional_male,13.04,24000,1,0.899017333984375,0.285346657037735,0,0.20681556748466257,Yes,,,train
90,clip_000090.wav,إِعْدَادَاتُ الْخُصُوصِيَّةِ لَدَيْكَ آمِنَةٌ، نَحْنُ لَا نَحْتَفِظُ بِتَسْجِيلَاتِكَ الصَّوْتِيَّةِ إِلَّا بِمُوَافَقَتِكَ تَمَامًا.,arabic_professional_male,7.92,24000,1,0.9072265625,0.2554832994937897,0,0.18928872053872053,Yes,,,train
67,clip_000067.wav,هَذِهِ إِجَابَةٌ خَاطِئَةٌ، لَا بَأْسَ، لِنَتَعَلَّمَ الصَّوَابَ مَعًا. الْإِجَابَةُ الصَّحِيحَةُ هِيَ عَامُ الْحُزْنِ.,arabic_professional_male,9.04,24000,1,0.891754150390625,0.25553351640701294,0,0.2887905604719764,Yes,,,train
30,clip_000030.wav,جَارِي ضَبْطُ الْمُنَبِّهِ. سَأُوقِظُكَ لِقِيَامِ اللَّيْلِ فِي تَمَامِ السَّاعَةِ الثَّالِثَةِ فَجْرًا بِإِذْنِ اللَّهِ.,arabic_professional_male,7.44,24000,1,0.950286865234375,0.2805432677268982,0,0.1756160394265233,Yes,,,train
55,clip_000055.wav,هَذَا سُؤَالٌ شَائِعٌ جِدًّا خِلَالَ شَهْرِ رَمَضَانَ الْمُبَارَكِ. الْإِجَابَةُ هِيَ: لَا، هَذَا لَا يُبْطِلُ الصِّيَامَ.,arabic_professional_male,8.72,24000,1,0.927459716796875,0.27727970480918884,0,0.25048738532110093,Yes,,,train
279,clip_000279.wav,النَّظَافَةُ الرَّقْمِيَّةُ مُهِمَّةٌ كَالنَّظَافَةِ الشَّخْصِيَّةِ، قُمْ بِمَسْحِ التَّطْبِيقَاتِ الَّتِي لَا تَسْتَخْدِمُهَا وَتُشْغِلُكَ عَنْ ذِكْرِ اللَّهِ.,arabic_professional_male,9.68,24000,1,0.91754150390625,0.2724388539791107,0,0.20047348484848485,Yes,,,train
288,clip_000288.wav,فِي مِثْلِ هَذَا الْيَوْمِ مِنَ التَّارِيخِ الْهِجْرِيِّ، حَدَثَتْ غَزْوَةُ تَبُوكَ الَّتِي عُرِفَتْ بِغَزْوَةِ الْعُسْرَةِ لِشِدَّةِ الْحَرِّ وَضِيقِ الْحَالِ.,arabic_professional_male,10.08,24000,1,0.912506103515625,0.2811822295188904,0,0.23304811507936507,Yes,,,train
82,clip_000082.wav,أَنَا مُبَرْمَجٌ لِاحْتِرَامِ كَافَّةِ الْمَذَاهِبِ الْإِسْلَامِيَّةِ الْمُعْتَبَرَةِ، وَتَقْدِيمِ الْمَعْلُومَاتِ بِحِيَادِيَّةٍ تَامَّةٍ.,arabic_professional_male,8.24,24000,1,0.904022216796875,0.3064459264278412,0,0.18355076860841424,Yes,,,train
423,clip_000423.wav,الصَّبْرُ عِنْدَ الصَّدْمَةِ الْأُولَى هُوَ الصَّبْرُ الْحَقِيقِيُّ الَّذِي يُؤْجَرُ عَلَيْهِ الْمُؤْمِنُ بِغَيْرِ حِسَابٍ، فَاصْبِرْ صَبْرًا جَمِيلًا.,arabic_professional_male,10.48,24000,1,0.8995361328125,0.2510470151901245,0,0.26310034987277353,Yes,,,train
364,clip_000364.wav,بِالْمُنَاسَبَةِ، شَهْرُ الْمُحَرَّمِ سُمِّيَ بِذَلِكَ لِتَحْرِيمِ الْقِتَالِ فِيهِ مُنْذُ الْجَاهِلِيَّةِ، وَأَقَرَّ الْإِسْلَامُ حُرْمَتَهُ، وَيُسْتَحَبُّ صِيَامُ يَوْمِ عَاشُورَاءَ فِيهِ.,arabic_professional_male,12.72,24000,1,0.899658203125,0.2788269817829132,0,0.23907560272536688,Yes,,,train
230,clip_000230.wav,حَانَ وَقْتُ تَنَاوُلِ طَعَامِ السَّحُورِ. تَسَحَّرُوا فَإِنَّ فِي السَّحُورِ بَرَكَةً، كَمَا قَالَ نَبِيُّنَا الْكَرِيمُ.,arabic_professional_male,8.4,24000,1,0.87603759765625,0.2436835616827011,0,0.26495039682539684,Yes,,,train
246,clip_000246.wav,الْمِيكْرُوفُونُ قَيْدُ الْكَتْمِ حَالِيًّا، لِذَا لَا يُمْكِنُنِي سَمَاعُكَ. قُمْ بِإِلْغَاءِ الْكَتْمِ إِذَا كُنْتَ تَرْغَبُ فِي طَلَبِ شَيْءٍ مِنِّي.,arabic_professional_male,10.08,24000,1,0.896392822265625,0.27823373675346375,0,0.27274718915343915,Yes,,,train
153,clip_000153.wav,يَا بَاغِيَ الْخَيْرِ أَقْبِلْ. بَدَأَتِ الْعَشْرُ الْأَوَاخِرُ مِنْ رَمَضَانَ، شُدَّ الْمِئْزَرَ وَأَحْيِ لَيْلَكَ بِطَاعَةِ اللَّهِ.,arabic_professional_male,10.0,24000,1,0.920501708984375,0.26178643107414246,0,0.27775,Yes,,,train
304,clip_000304.wav,هَذَا سُؤَالٌ مُهِمٌّ. تَيَمُّمُ الْمُسْلِمِ يَكُونُ بِضَرْبِ الْيَدَيْنِ عَلَى الصَّعِيدِ الطَّاهِرِ ضَرْبَةً وَاحِدَةً، ثُمَّ يَمْسَحُ بِهِمَا وَجْهَهُ وَكَفَّيْهِ لِلصَّلَاةِ عِنْدَ فَقْدِ الْمَاءِ.,arabic_professional_male,11.92,24000,1,0.913665771484375,0.2954823076725006,0,0.19090114653243848,Yes,,,train
143,clip_000143.wav,بَقِيَ عَلَى أَذَانِ الْعَصْرِ عِشْرُونَ دَقِيقَةً تَقْرِيبًا. تَوَضَّأْ وَاسْتَعِدَّ لِلصَّلَاةِ يَا صَاحِبِي.,arabic_professional_male,7.52,24000,1,0.923736572265625,0.26764044165611267,0,0.2538286790780142,Yes,,,train
431,clip_000431.wav,أُذَكِّرُكَ بِأَنَّ صَلَاةَ الْفَجْرِ فِي جَمَاعَةٍ تَجْعَلُ الْمُسْلِمَ فِي ذِمَّةِ اللَّهِ طَوَالَ الْيَوْمِ، فَلَا تُفَرِّطْ فِيهَا.,arabic_professional_male,8.24,24000,1,0.908050537109375,0.2798142731189728,0,0.16792576860841424,Yes,,,train
377,clip_000377.wav,بِخُصُوصِ اسْتِفْسَارِكَ عَنِ الْمُؤَلَّفَةِ قُلُوبُهُمْ؛ هُمْ جَمَاعَةٌ تُعْطَى لَهُمْ جُزْءٌ مِنَ الزَّكَاةِ لِتَرْغِيبِهِمْ فِي الْإِسْلَامِ أَو تَثْبِيتِهِمْ عَلَيْهِ أَو دَفْعِ أَذَاهُمْ عَنِ الْمُسْلِمِينَ.,arabic_professional_male,14.24,24000,1,0.922698974609375,0.2761407494544983,0,0.18441011235955057,Yes,,,train
85,clip_000085.wav,يُنْصَحُ بِقِرَاءَةِ سُورَةِ الْمُلْكِ قَبْلَ النَّوْمِ كُلَّ لَيْلَةٍ لِمَا لَهَا مِنْ فَضْلٍ فِي الْوِقَايَةِ مِنْ عَذَابِ الْقَبْرِ.,arabic_professional_male,8.72,24000,1,0.91455078125,0.28176435828208923,0,0.18398795871559634,Yes,,,train
261,clip_000261.wav,قَالَ الْحَسَنُ الْبَصْرِيُّ رَحِمَهُ اللَّهُ: يَا ابْنَ آدَمَ، إِنَّمَا أَنْتَ أَيَّامٌ، فَإِذَا ذَهَبَ يَوْمٌ ذَهَبَ بَعْضُكَ.,arabic_professional_male,9.12,24000,1,0.9464111328125,0.26065897941589355,0,0.27140899122807016,Yes,,,train
228,clip_000228.wav,سَأَحْكِي لَكَ قِصَّةَ النَّاقَةِ الَّتِي خَرَجَتْ مِنَ الصَّخْرَةِ لِتَكُونَ مُعْجِزَةً لِنَبِيِّ اللَّهِ صَالِحٍ عَلَيْهِ السَّلَامُ.,arabic_professional_male,8.0,24000,1,0.899688720703125,0.2831604778766632,0,0.17420833333333333,Yes,,,train
283,clip_000283.wav,مُمَارَسَةُ الرِّيَاضَةِ بِالضَّوَابِطِ الشَّرْعِيَّةِ أَمْرٌ مَحْمُودٌ، فَالْمُؤْمِنُ الْقَوِيُّ خَيْرٌ وَأَحَبُّ إِلَى اللَّهِ مِنَ الْمُؤْمِنِ الضَّعِيفِ.,arabic_professional_male,10.16,24000,1,0.926422119140625,0.28237614035606384,0,0.21462024278215222,Yes,,,train
323,clip_000323.wav,رَدًّا عَلَى ذَلِكَ، الْمُعَوِّذَتَانِ هُمَا سُورَتَا الْفَلَقِ وَالنَّاسِ، وَكَانَ النَّبِيُّ يَسْتَعِيذُ بِهِمَا مِنْ شَرِّ الشَّيَاطِينِ وَالْعَيْنِ وَالْحَسَدِ كُلَّ لَيْلَةٍ قَبْلَ نَوْمِهِ.,arabic_professional_male,12.8,24000,1,0.94775390625,0.3055380880832672,0,0.17401692708333333,Yes,,,train
327,clip_000327.wav,الْمَقْصُودُ بِالْأَشْهُرِ الْحُرُمِ هِيَ أَرْبَعَةُ أَشْهُرٍ: رَجَبٌ، وَذُو الْقَعْدَةِ، وَذُو الْحِجَّةِ، وَالْمُحَرَّمُ. وَقَدْ عَظَّمَهَا اللَّهُ وَحَرَّمَ فِيهَا الْقِتَالَ وَالظُّلْمَ.,arabic_professional_male,12.08,24000,1,0.950531005859375,0.2663825750350952,0,0.2557050220750552,Yes,,,train
319,clip_000319.wav,بِالطَّبْعِ! صَلَاةُ الْوَتْرِ هِيَ صَلَاةٌ نَافِلَةٌ تُصَلَّى بِاللَّيْلِ بَعْدَ الْعِشَاءِ رَكْعَةً وَاحِدَةً أَوْ ثَلَاثًا أَوْ خَمْسًا، لِيُخْتَمَ بِهَا قِيَامُ اللَّيْلِ بِرَقْمٍ فَرْدِيٍّ.,arabic_professional_male,12.96,24000,1,0.894622802734375,0.27156591415405273,0,0.2104391718106996,Yes,,,train
124,clip_000124.wav,دَعْنَا نُرَاجِعْ سُورَةَ النَّاسِ قَبْلَ النَّوْمِ. أَنَا سَأَبْدَأُ بِالْآيَةِ الْأُولَى، وَأَنْتَ أَكْمِلْ بَعْدِي.,arabic_professional_male,7.04,24000,1,0.911041259765625,0.2810048758983612,0,0.23126775568181818,Yes,,,train
39,clip_000039.wav,هَلْ تُرِيدُ تَقْدِيمَ التِّلَاوَةِ، أَمْ تَأْخِيرَهَا، أَمْ إِيقَافَهَا مُؤَقَّتًا؟,arabic_professional_male,5.44,24000,1,0.90216064453125,0.25607356429100037,0,0.27029718137254904,Yes,,,train
156,clip_000156.wav,سَأَقُومُ بِتَشْغِيلِ تِلَاوَةِ سُورَةِ تَبَارَكَ لَكَ الْآنَ كَمَا اعْتَدْتَ قَبْلَ أَنْ تَخْلُدَ إِلَى النَّوْمِ كُلَّ لَيْلَةٍ.,arabic_professional_male,8.16,24000,1,0.955535888671875,0.2828674018383026,0,0.20263480392156863,Yes,,,train
231,clip_000231.wav,سَأَقُومُ بِتَسْجِيلِ عَدَدِ رَكَعَاتِ التَّرَاوِيحِ الَّتِي صَلَّيْتَهَا اللَّيْلَةَ. لَقَدْ صَلَّيْتَ ثَمَانِيَ رَكَعَاتٍ، بِالْإِضَافَةِ إِلَى رَكْعَتَيِ الشَّفْعِ وَرَكْعَةِ الْوَتْرِ.,arabic_professional_male,11.44,24000,1,0.90570068359375,0.2658001780509949,0,0.23369026806526808,Yes,,,train
183,clip_000183.wav,أَسْأَلُ اللَّهَ الْعَظِيمَ رَبَّ الْعَرْشِ الْعَظِيمِ أَنْ يَشْفِيَكَ، وَأَنْ يُلْبِسَكَ ثَوْبَ الصِّحَّةِ وَالْعَافِيَةِ قَرِيبًا عَاجِلًا غَيْرَ آجِلٍ.,arabic_professional_male,10.32,24000,1,0.91302490234375,0.2883615791797638,0,0.19486030361757106,Yes,,,train
421,clip_000421.wav,إِذَا أَصَابَكَ الْهَمُّ فَقُلْ: اللَّهُمَّ إِنِّي عَبْدُكَ ابْنُ عَبْدِكَ ابْنُ أَمَتِكَ، نَاصِيَتِي بِيَدِكَ، مَاضٍ فِيَّ حُكْمُكَ.,arabic_professional_male,11.44,24000,1,0.887542724609375,0.24071748554706573,0,0.29241331585081587,Yes,,,train
134,clip_000134.wav,حَانَ وَقْتُ النَّوْمِ يَا بَطَلُ، أُتْرُكِ الْهَاتِفَ جَانِبًا وَاسْتَعِدَّ لِلنَّوْمِ مُبَكِّرًا لِتَسْتَيْقِظَ نَشِيطًا غَدًا.,arabic_professional_male,9.52,24000,1,0.899871826171875,0.2654321789741516,0,0.2391062675070028,Yes,,,train
34,clip_000034.wav,إِقَامَةُ الصَّلَاةِ هِيَ الرُّكْنُ الثَّانِي مِنْ أَرْكَانِ الْإِسْلَامِ بَعْدَ الشَّهَادَتَيْنِ.,arabic_professional_male,5.2,24000,1,0.906982421875,0.29101434350013733,0,0.1822275641025641,Yes,,,train
189,clip_000189.wav,تَذَكَّرْ يَا أَخِي أَنَّ بَعْدَ الْعُسْرِ يُسْرًا، وَأَنَّ فَرَجَ اللَّهِ قَرِيبٌ مَهْمَا اشْتَدَّتِ الْخُطُوبُ وَضَاقَتِ الْأَسْبَابُ عَلَيْكَ.,arabic_professional_male,9.28,24000,1,0.91571044921875,0.2826656997203827,0,0.21392780172413794,Yes,,,train
403,clip_000403.wav,عُذْرًا، لَمْ أَفْهَمْ مَا قُلْتَهُ جَيِّدًا.,arabic_professional_male,3.04,24000,1,0.930389404296875,0.2490285336971283,0,0.17994791666666668,Yes,,,train
314,clip_000314.wav,إِذَا نَسِيَ الصَّائِمُ فَأَكَلَ أَوْ شَرِبَ فِي نَهَارِ رَمَضَانَ، فَصَوْمُهُ صَحِيحٌ وَلَا قَضَاءَ عَلَيْهِ وَلَا كَفَّارَةَ، فَإِنَّمَا أَطْعَمَهُ اللَّهُ وَسَقَاهُ.,arabic_professional_male,11.04,24000,1,0.911346435546875,0.2961054742336273,0,0.1710409118357488,Yes,,,train
157,clip_000157.wav,هَذَا تَنْبِيهٌ بِأَنَّ شَمْسَ الْيَوْمِ سَتَغْرُبُ قَرِيبًا، وَهُوَ وَقْتٌ مُنَاسِبٌ جِدًّا لِلْبَدْءِ بِقِرَاءَةِ أَذْكَارِ الْمَسَاءِ.,arabic_professional_male,9.2,24000,1,0.912811279296875,0.2944212853908539,0,0.15253170289855073,Yes,,,train
366,clip_000366.wav,سَأَلْتَ عَنْ أَصْحَابِ السَّبْتِ؛ هُمْ طَائِفَةٌ مِنَ الْيَهُودِ امْتَحَنَهُمُ اللَّهُ بِتَحْرِيمِ الصَّيْدِ يَوْمَ السَّبْتِ، فَاحْتَالُوا عَلَى أَمْرِ اللَّهِ فَطَرَدَهُمُ اللَّهُ مِنْ رَحْمَتِهِ وَمَسَخَهُمْ.,arabic_professional_male,13.04,24000,1,0.903076171875,0.2796327769756317,0,0.2061221881390593,Yes,,,train
263,clip_000263.wav,مِنْ شُعَرَاءِ عَصْرِ صَدْرِ الْإِسْلَامِ الَّذِينَ دَافَعُوا عَنِ النَّبِيِّ بِقَصَائِدِهِمْ هُوَ حَسَّانُ بْنُ ثَابِتٍ، شَاعِرُ الرَّسُولِ.,arabic_professional_male,9.76,24000,1,0.915496826171875,0.2662065029144287,0,0.2276127049180328,Yes,,,train
349,clip_000349.wav,أَعْتَقِدُ أَنَّكَ تَقْصِدُ غَزْوَةَ أُحُدٍ، السَّبَبُ الرَّئِيسِيُّ لِلْهَزِيمَةِ كَانَ مُخَالَفَةَ الرُّمَاةِ لِأَوَامِرِ النَّبِيِّ وَنُزُولَهُمْ مِنْ جَبَلِ الرُّمَاةِ لِجَمْعِ الْغَنَائِمِ ظَنًّا مِنْهُمْ أَنَّ الْمَعْرَكَةَ انْتَهَتْ.,arabic_professional_male,13.92,24000,1,0.931182861328125,0.31135082244873047,0,0.14635117337164752,Yes,,,train
433,clip_000433.wav,صَلَاةُ الْجَمَاعَةِ تَفْضُلُ صَلَاةَ الْفَذِّ بِسَبْعٍ وَعِشْرِينَ دَرَجَةً، فَاحْرِصْ عَلَى أَدَائِهَا فِي الْمَسْجِدِ قَدْرَ الْمُسْتَطَاعِ.,arabic_professional_male,9.52,24000,1,0.9154052734375,0.2687683403491974,0,0.22752538515406162,Yes,,,train
302,clip_000302.wav,إِجَابَةً عَلَى سُؤَالِكَ؛ سُمِّيَ عَامُ الْحُزْنِ بِهَذَا الِاسْمِ لِأَنَّ النَّبِيَّ فَقَدَ فِيهِ زَوْجَتَهُ خَدِيجَةَ بِنْتَ خُوَيْلِدٍ، وَعَمَّهُ أَبَا طَالِبٍ الَّذِي كَانَ يُدَافِعُ عَنْهُ.,arabic_professional_male,12.88,24000,1,0.89813232421875,0.27377408742904663,0,0.1904600155279503,Yes,,,train
99,clip_000099.wav,أَسْعَدَنِي التَّوَاصُلُ مَعَكَ الْيَوْمَ، تَذَكَّرْ دَائِمًا أَنْ تَذْكُرَ اللَّهَ لِيَذْكُرَكَ. فِي رِعَايَةِ اللَّهِ.,arabic_professional_male,8.32,24000,1,0.92474365234375,0.24882745742797852,0,0.2747395833333333,Yes,,,train
342,clip_000342.wav,نَعَمْ، يَجُوزُ الْمَسْحُ عَلَى الْخُفَّيْنِ بَدَلًا مِنْ غَسْلِ الْقَدَمَيْنِ فِي الْوُضُوءِ، بِشَرْطِ أَنْ يَرْتَدِيَهُمَا الْمُسْلِمُ وَهُوَ عَلَى طَهَارَةٍ كَامِلَةٍ مِنْ وُضُوءٍ سَابِقٍ.,arabic_professional_male,11.92,24000,1,0.8966064453125,0.2891503572463989,0,0.15183864653243848,Yes,,,train
44,clip_000044.wav,تِلْكَ كَانَتْ نُبْذَةً مُخْتَصَرَةً عَنْ حَيَاةِ الصَّحَابِيِّ الْجَلِيلِ أَبِي هُرَيْرَةَ رَضِيَ اللَّهُ عَنْهُ.,arabic_professional_male,6.88,24000,1,0.89886474609375,0.26868781447410583,0,0.1576732073643411,Yes,,,train
155,clip_000155.wav,تَمَّتْ إِضَافَةُ نَصِيبِكَ الْيَوْمِيِّ مِنَ الِاسْتِغْفَارِ إِلَى عَدَّادِ الْمِسْبَحَةِ الْإِلِكْتُرُونِيَّةِ بِنَجَاحٍ. تَقَبَّلَ اللَّهُ عَمَلَكَ.,arabic_professional_male,9.04,24000,1,0.90228271484375,0.26473578810691833,0,0.18369284660766963,Yes,,,train
